테스트	Test
테스트용 소모 아이템(캐릭터 부여 토큰)	Test consumable (token applicable to chars)
라스트오리진	LastOrigin
라스트 오리진	Last Origin
직격 : 추가 피해	Direct Hit: Additional damage
직격 : 피해량+{0}%	Direct Hit: Damage +{0}% 
네이팜 미사일 : 추가 화염 피해	Napalm Missile: Additional Fire damage
화염 폭격 : 추가 화염 피해+{0}%	Flaming Bombardment: +{0}% Additional Fire damage
정찰 비행 : 적중 / 회피 / 방어 관통 증가	Air Recon: Accuracy / Evasion / DEF Penetration Up
정찰 비행 : 적 출현 정보 획득	Air Recon: Read upcoming enemy formation
정찰 비행 : 적중+{0}%	Air Recon: Accuracy +{0}%
정찰 비행 : 회피+{0}%	Air Recon: Evasion +{0}%
정찰 비행 : 방어 관통+{0}%	Air Recon: DEF Penetration +{0}%
연계 폭격 : 공격력 / 치명타 증가	Coordinated Bombardment: Attack / Critical Hit Rate Up
연계 폭격 : 공격 지원 (기동)	Coordinated Bombardment: Follow-up Attacks (Flying)
연계 폭격 : 공격력+{0}% (자신)	Coordinated Bombardment: Attack +{0}% (Self)
연계 폭격 : 치명타+{0}% (자신)	Coordinated Bombardment: Crit Rate +{0}% (Self)
정찰	Reconnaissance
견제 : 회피 감소	Diversion : Evasion Down
회피 {0}%	Evasion {0}%
집중 사격 : 추가 피해	Focus Fire: Additional Damage
집중 사격 : 피해량+{0}%	Focus Fire: Damage +{0}%
정밀 사격 : 추가 피해	Accurate Shot : Additional Damage
정밀 사격 : 피해량+{0}%	Accurate Shot : Damage +{0}%
발목 잡기 : 행동력 회복 감소 / 이동 불가	Ankle Shot : Action Speed Recovery Down / Rooted
행동력 {0}%	Action Speed {0}%
이동 불가	Rooted
받는 피해+{0}%	Damage Taken +{0}%
표식 설정	Mark Target
준비만전 : 전투 개시 시 AP 증가	Preparedness : Bonus AP at the start of each battle
준비만전 : AP+{0}	Preparedness : AP +{0}
사냥감 몰이 : 공격 시, 아군 공격력 / 적중 / 행동력 증가	Corner Prey: On attack, Attack / Accuracy / Action Speed Up to allies
사냥감 몰이 : 공격력+{0}%	Corner Prey: Attack +{0}%
사냥감 몰이 : 적중+{0}%	Corner Prey: Accuracy +{0}%
사냥감 몰이 : 치명타+{0}%	Corner Prey: Crit Hit Rate +{0}%
무적 실드	Invulnerable Shield
대결 요청 : 도발 효과	Request Duel: Taunt Target
대상 도발	Taunt Target
방패 세우기 : 아군 보호, 받는 피해 감소 효과	Raise Shield: Protect allies, activate Damage Reduction
행 보호	Row Protection
기사도 : 받는 피해 {0}% 감소	Chivalry: {0}% Damage Reduction
기사도 : 행동력 {0}%	Chivalry: {0}% Action Speed
공격자에게 스턴	Stun to Attacker
아군 사망으로 공격력 증가	Attack Up on ally death
적 공격력 감소 오오라	Enemy Attack Reduction Aura
감전 : 행동력 / 회피 감소	Shocked: AP / Evasion Reduction
감전 : AP {0}	Shocked: AP {0}
감전 : 회피 {0}%	Shocked: Evasion {0}%
체포 사슬 : 앞으로 당기기 / 이동 불가 효과	Arrest Chain : Pull Forward / Rooted
체포 사슬 : {0}칸 앞으로 당김	Arrest Chain : Pulled Forward by {0} spaces
체포 사슬 : 이동 불가	Arrest Chain : Rooted
체포 사슬 : 표식 지정	Arrest Chain : Mark Target
체포 사슬 : 받는 피해+{0}%	Arrest Chain : Damage Taken +{0}%
검거 완료! : AP / 공격력 / 치명타 / 적중 증가	Arrest Complete! : AP / Attack / Critical Hit Rate / Accuracy Up
검거 완료! : AP+{0}	Arrest Complete! : AP +{0}
검거 완료! : 공격력+{0}%	Arrest Complete! : Attack +{0}%
검거 완료! : 치명타+{0}%	Arrest Complete! : Critical Hit Rate +{0}%
검거 완료! : 적중+{0}%	Arrest Complete! : Accuracy +{0}%
자신의 회피율 증가	Self Evasion Increase
적의 피해 증가	Enemy Damage Received Increase
공격력 +{0}%	Attack +{0}%
약점 노리기 : 추가 피해	Weakness Exploit : Additional Damage
약점 공격 : 피해량+{0}%	Weakpoint Attack : Damage +{0}%
장갑 무효화 : 방어력 대폭 감소 / 피해 감소 무효	Armor Nullification : Massive Defense Reduction / Damage Reduction Nullify
방어력 {0}%	Defense {0}%
경직 : 행동력 감소 효과	Stiffness : Action Speed Decrease Effect
행동력 {0}	Action Speed {0}
경보 : 적중률 , 회피율 증가 효과	Alarm : Accuracy / Evasion Increase Effect
적중률 +{0}%	Accuracy +{0}%
회피율 +{0}%	Evasion +{0}%
점화 : 매 라운드 지속 화염 피해	Ignite: Continuous Flame Damage Each Round
점화 : 지속 화염 피해 {0}	Ignite: {0} Continuous Flame Damage
자폭 돌격 : 자폭 공격	Suicide Charge : Suicide Attack
방어 관통 {0}%	Defense Penetration {0}%
자폭 공격	Suicide Attack
챠지 완료 : 확정 치명타 효과	Charge Complete: Guaranteed Critical Hit
챠지 : 다음 공격 치명타 적용	Charge: Next attack Crits
챠지 : 공격력+{0}%	Charge: Attack +{0}%
리액터 폭발 : 주변에 큰 물리 피해	Reactor Detonation: Massive damage to nearby units
리액터 폭발 : {0}% 물리 피해	Reactor Detonation: {0}% Physical Damage
칙 방패 방어술 : 받는 피해 감소	Chick Shielding Technique: Damage Reduction Up
받는 피해 {0}% 감소	Reduce {0}% of Incoming Damage
미사일 직격 : 추가 피해	Direct Missile Hit : Additional Damage
암살 목표 : 표식 설정 / 받는 피해 증가	Assassination Target : Apply Mark / Damage Vulnerability
목표 제거 : 추가 피해	Target Elimination : Additional Damage
포착 : 피해량+{0}%	Sighted : Damage +{0}%
저격 : HP% 낮을수록 피해량+{0}% (최대)	Snipe : Additional Damage to Target at Low HP (+{0}% Max)
암살 준비 : 행동력 회복 효과	Assassination Preparation : Restore Action Speed
냉혈한 : AP+{0}	Cold-blooded : AP+{0}
앙갚음	Retaliation
누출된 약점	Weakness Exposed
럭키 히트! : 추가 피해	Lucky Hit! : Additional Damage
럭키 히트! : 피해량+{0}%	Lucky Hit! : Damage +{0}%
정화의 빛! : 적중 / 행동력 감소	Purifying Light! : Accuracy / Action Speed Down
이터널 빔! : 적중 {0}%	Eternal Beam! : Accuracy {0}%
이터널 빔! : AP {0}	Eternal Beam! : AP {0}
부끄러움은 우리 몫 : 인접 바이오로이드 공격력 / 회피 / 행동력 증가	Embarrassment is Ours : Increase Attack / Evasion / Action Speed of nearby Bioroids
부끄러움은 우리 몫 : 회피+{0}%	Embarrassment is Ours : Evasion +{0}%
어서 빠져나가고 싶다… : 행동력+{0}%	I Wanna Run Away... : Action Speed +{0}%
여기서 벗어나야겠어… : 공격력+{0}%	I'm Outta Here... : Attack +{0}%
전투 중 행동력 회복 {0} 증가	In Battle, Action Speed Recovery {0} Up
죽음의 연무	Dance of Death
대공 레이저 : 기동형인 경우, 표식 / 회피 감소 / 받는 피해 증가	Anti-Air Laser : Apply Mark / Evasion Down / Damage Vulnerability Up to Flying target
화망 강화 : 피해량+{0}%	Tighten Zone of Fire: Damage+{0}%
대공 레이저 : 표식 설정 (기동)	Anti-Air Laser : Mark Target (Flying)
대공 레이저 : 받는 피해+{0}% (기동)	Anti-Air Laser : Damage Vulnerability +{0}% (Flying)
대공 레이저 : 회피 {0}% (기동)	Anti-Air Laser : Evasion {0}% (Flying)
핀 레이저 : 대상 도발	Pin Laser : Taunt Target
엘랑비탈 : 공격 적중 시, 공격력 / 피격 시, 방어력 증가	Élan vital : When attack lands, Attack Up / When hit, Defense Up
엘랑비탈 : 공격력+{0}%	Élan vital : Attack +{0}%
엘랑비탈 : 방어력+{0}%	Élan vital : Defense +{0}%
엘랑비탈 3단계 : 방어력 감소 해제	Élan vital Stage 3 : Remove Defense Reduction
엘랑비탈 3단계 : 지속 고정 피해 해제	Élan vital Stage 3 : Remove Fixed Continuous Damage
대공 지휘 : 경장 아군 보호 / 대 기동형 피해량 / 적중 증가	Anti-Air Command : Protect Light Allies / Anti-Flying damage / Accuracy Up
대공 지휘 : 대 기동 공격+{0}% (경장)	Anti-Air Command : Anti-Flying Damage +{0}% (Light)
대공 지휘 : 지정 대상 보호 (경장)	Anti-Air Command : Target Protection (Light)
대공 지휘 : 적중+{0}% (경장)	Anti-Air Command : Accuracy+{0}% (Light)
화망 구축 : 엘랑비탈 공격력 증가 상태면 반격	Establish Zone of FIre: If Élan vital Attack Up is active, Counter
화망 구축 : {0}% 위력으로 반격	Establish Zone of Fire: {0}% Counter Damage
파쇄 드릴 : 방어력 감소 효과	Shredding Drill: Defense Reduction Effect
파쇄 강타 : 방어력 {0}%	Shredding Smash: Defense {0}%
운석 파쇄 드릴 : 방어력 {0}%	Meteor Shredding Drill: Defense {0}%
보호 역장 : 아군 보호 / 방어막 효과	Protection Force Field : Ally Protect / Shield Effect
역장 전개 : 방어막+{0}	Force Field Deployment : Shield +{0}
역장 전개 : 지정 대상 보호	Force Field Deployment : Target Protection
아군 엄폐 : 열 보호 / 뒷 칸 아군 회피 증가 / 받는 피해 감소	Ally Obscuration : Row Protect / Apply Evasion / Damage Reduction Up to ally behind
엄폐 : 회피+{0}%	Obscuration : Evasion +{0}%
엄폐 : 받는 피해 {0}% 감소	Obscuration : Damage Received {0}% Down
같은 열 보호	Row Protection
오비탈 플레이팅 : 방어력 / 모든 저항 증가	Orbital Plating : Defense / All Resist Up
오비탈 플레이팅 : 화염 저항+{0}%	Orbital Plating : Fire Resist+{0}%
오비탈 플레이팅 : 냉기 저항+{0}%	Orbital Plating : Ice Resist+{0}%
오비탈 플레이팅 : 전기 저항+{0}%	Orbital Plating : Electric Resist+{0}%
오비탈 플레이팅 : 효과 저항+{0}%	Orbital Plating : Status Resist+{0}%
오비탈 플레이팅 : 방어력+{0}%	Orbital Plating : Defense+{0}%
긴급 탈출	Emergency Escape
견제 사격 : 적중률 / 회피율 감소	Diversion Shot : Accuracy / Evasion Reduction
견제 사격 : 회피 {0}%	Diversion Shot : Evasion {0}%
견제 사격 : 적중 {0}%	Diversion Shot : Accuracy {0}%
견제 사격 : 받는 피해+{0}%	Diversion Shot : Damage Received +{0}%
집중 공격 : 피해량+{0}%	Focused Attack : Damage+{0}%
주의 끌기 : 도발 / 적중 감소 효과	Draw Attention: Taunt Target / Apply Accuracy Down
적중 {0}%	Accuracy {0}%
고압 가스 : 공격력 / 방어력 감소	Compressed Gas : Attack / Defense Reduction
공격력 {0}%	Attack {0}%
충격파 미사일 : 뒤로 밀기 / 행동력 감소	Shockwave Missile : Push Back / Action Speed Reduction
뒤로 {0}칸 밀기	Push Back {0} Spaces
약점 분석 : 받는 피해 증가 / 효과 저항 / 회피 감소	Weakness Analysis: Damage Vulnerability Up / Status Resist Down / Evasion Down
효과 저항 {0}% 감소	Status Resist -{0}%
회피 {0}	Evasion {0}
유폭 : 주변에 물리 피해 / 특수 방어 무효화	Explosions: Damage to nearby units / Remove special defenses
유폭 : {0}% 물리 피해	Explosions: {0}% Physical Damage
유폭 : 피해 감소 효과 해제	Explosions: Remove Damage Reduction 
충격 미사일 : 행동력 감소	Shock Missile: Action Speed Down
색적 보고 : 행동력 / 사거리 증가	Recon Report: Action Speed / Range Up
사거리+{0}	Range +{0}
강타 : 행동 불가 / 피해량 증가	Smash: No Action / Damage Increase
강타 : 행동 불가	Smash: No Action
강타 : 피해량+{0}%	Smash: Damage +{0}%
폐기물 수거 : 당겨오기 / 행동 속도 감소 / 이동 불가 (50%)	Collect Wastes: Pull Forward / Action Speed Down / Chance to Root (50%)
앞으로 {0}칸 당김	Pull Forward {0} Spaces
장갑 관통 : 방어력 관통	Piecre Armor: DEF Penetration
듀얼 칙 캐논 : 피해 감소 효과 해제	Dual Chick Cannons: Remove Damage Reduction
피해 감소 효과 해제	Remove Damage Reduction
후려치기 : 뒤로 밀기 / 행동력 감소 효과	Slam: Push Back / Reduce AP
행동 불가	Stunned
부식 용액 : 방어력 감소 효과	Corrosive Liquid: Defense Down
부식 : 방어력 {0}%	Corrosion: Defense {0}%
부식 : 행동력 {0}%	Corrosion: Action Speed {0}%
부식 : 지속 물리 피해 {0}	Corrosion: {0} Continuous Physical Damage
생존 본능 : 행동력 / 적중 / 방어 능력 증가	Survival Instincts: Action Speed / Accuracy / Defense Up
생존 본능 : 행동력+{0}%	Survival Instincts: Action Speed +{0}%
벌크 업 강타! : 뒤로 밀기	Bulk Up Smash!: Push Back
벌크 업 : 뒤로 {0}칸 밀기	Bulk Up: Push Back {0} Spaces
벌크 업 : 피해량+{0}%	Bulk Up: Damage +{0}%
벌크 업 스프린트! : 적 행동력 감소 / 추가 물리 피해	Bulk Up Sprint!: Action Speed Down / Additional Phys Damage
벌크 업 : AP {0}	Bulk Up: AP {0}
벌크 업 : 공격력 증가	Bulk Up: Attack Up
벌크 업 : 공격력+{0}%	Bulk Up: Attack +{0}%
스크류 벙커 샷 : 방어력 {0}%	Screw Bunker Shot: Defense {0}%
회심의 일격 : 피해량+{0}%	Decisive Strike: Damage +{0}%
연쇄 폭파 : 적 처치 시, 고정 피해	Chain Explosions: On kill, deal Fixed Damage to nearby enemies
연쇄 폭파 : 공격력 {0}% 고정 피해	Chain Explosions: {0}% of Attack as Fixed Damage
부식 : 매 라운드 지속 피해 / 방어력 / 행동력 감소	Corrosion: Continuous Damage every round / Defense / Action Speed Down
내부 파괴 : 기본 공격력 {0}% 고정 피해	Internal Destruction: {0}% of Base Attack as Fixed Damage
내부 파괴 : 받는 피해+{0}%	Internal Destruction: Damage Taken +{0}%
민감한 눈 : 인접 아군 치명타 / 적중 / 방어 관통 증가	Keen Eyes: Critical Hit Rate / Accuracy / DEF Penetration Up to nearby allies
민감한 눈 : 치명타+{0}%	Keen Eyes: Critical Hit Rate +{0}%
민감한 눈 : 적중+{0}%	Keen Eyes: Accuracy +{0}%
민감한 눈 : 방어 관통+{0}%	Keen Eyes: DEF Penetration +{0}%
마비 : 행동 불가	Paralysis: Stunned
직격 : 피해량 증가	Direct Hit: Additional damage
방패 강타 : 일정 확률로 행동 불가	Shield Bash: Chance to Stun
가드 올리기 : 행 보호	Guard Up: Row Protection
장갑 관통 : 방어력 감소	Pierce Armor: Defense Down
장갑 깎기 : 방어력 {0}%	Shear Armor: Defense {0}%
손톱 폭탄 : 뒤로 밀기 / 적중 감소	Claw Bombs: Push Back / Accuracy Down
위협 감지 : 피격 시, 회피 증가 / 공격력 감소	Sense Danger: When attacked, Evasion Up / Attack Down
광란 : 적 처치 시, 행동력 / 치명타 증가 / 행동력 감소 무효	Rampage: On kill, Action Speed / Crit Rate Up / Remove Action Speed Down effects
광란 : 행동력+{0}%	Rampage: Action Speed +{0}%
광란 : 치명타+{0}%	Rampage: Critical Hit Rate +{0}%
라이트닝 태클 : 행동 불가 / 도발 / 회피 감소	Lightning Tackle: Stun / Taunt / Evasion Down
감전 : 행동 불가	Shocked: Stun target
감전 : 피해량+{0}%	Shocked: Damage +{0}%
공중 관제 : 대상 보호 (기동 공격/지원)	Air Control: Protect target (Flying attacker/support)
장갑 관통 : 방어력 관통 효과	Armor Penetration: Armor Penetration Effect
설치 : 래빗 D 필드 소환	Deploy: Summon Rabbit D Field
기계 공학 : 아군 로봇 공격력 / 방어력 / 행동력 증가	Mechanical Engineering: Attack / Defense / Action Speed Up to ally Robots
기계 공학 : 공격력+{0}% (로봇)	Mechanical Engineering: Attack +{0}% (Robot)
기계 공학 : 방어력+{0}% (로봇)	Mechanical Engineering: Defense +{0}% (Robot)
기계 공학 : 행동력+{0}% (로봇)	Mechanical Engineering: Action Speed +{0}% (Robot)
대공 사격 : 대 기동형 피해량+{0}%	Anti-Air Shot: +{0}% Damage against Flying units
주의 끌기 : 대상 도발, 적중 감소	Draw Attention: Taunt Target / Accuracy Down
곡예 비행 : 지정 대상 보호 / 회피 증가 / 받는 피해 감소 / 반격	Acrobatic Flight: Protect Target / Evasion Up / Damage Reduction Up / Counterattack
곡예 비행 : 회피+{0}% (자신)	Acrobatic Flight: Evasion +{0}% (Self)
곡예 비행 : {0}% 위력으로 반격 (자신)	Acrobatic Flight: Counter with {0}% Damage (Self)
곡예 비행 : 받는 피해 {0}% 감소 (자신)	Acrobatic Flight: {0}% Damage Reduction (Self)
곡예 비행 : 지정 대상 보호	Acrobatic Flight: Target Protection
슬러그 탄 : 적중 / 행동력 감소 / 일정 확률 행동 불가	Slug Ammo: Accuracy / Action Speed Down, chance to Stun target
다리! : 행동력 {0}%	Leg!: Action Speed {0}%
머리! : 행동 불가	Head!: Stunned
팔! : 적중 {0}%	Arm!: Accuracy {0}%
방패 전개 : 받는 피해 감소 / 반격	Deploy Shield: Damage Reduction Up / Counterattack
진압 개시 : 방어력 증가 / 행 보호	Commence Suppression: Defense Up / Row Protection
진압 개시 : 방어력+{0}%	Commence Suppression: Defense +{0}%
진압 개시 : 행 보호	Commence Suppression: Row Protection
공격 사정 거리 {0}	Range {0}
덤벼덤벼! : 자신의 HP% 비율이 낮을수록 피해량 증가 / 받는 피해 감소	Bring It On!: Attack Up & Damage Reduction proportional to % of HP lost
덤벼덤벼! : 자신 HP%에 따라 피해량+{0}% (최대)	Bring It On!: Attack Up ({0}% Max)
덤벼덤벼! : 받는 피해 {0}% 감소 (최대)	Bring It On!: Damage Reduction ({0}% Max)
슈퍼 폴른 변신 : 슈퍼 폴른으로 변형	Super Fallen Transform: Transform into Super Fallen
슈퍼 폴른으로 변형	Transform into Super Fallen
확인 사살 : 적 HP 반비례 피해 증가	Confirm Kill: More Damage to Target at Low HP
적 HP가 낮을수록 {0}%까지 피해 증가	Damage Up proportional to % of target HP lost ({0}% Max)
변신 해제 : 일반 폴른으로 변형	Disengage Transformation: Transform back to normal Fallen
일반 폴른으로 변형	Transform to normal Fallen
유탄 폭발 : 추가 화염 피해	Grenade Detonation: Additional Fire damage
유탄 차기 : 화염 속성 추가 피해 {0}%	Grenade Kick: +{0}% Additional Fire damage
냥냥 펀치! : 적중 {0}%	Meowmeow Punch!: Accuracy {0}%
실드 돌격 : 행 보호 해제	Shield Charge: Remove Row Protection
행 보호 효과 해제	Remove Row Protection
방어 기동 : 받는 피해 감소 / 방어력 증가 / 회피 감소	Defensive Maneuver: Damage Reduction / Defense Up / Evasion Down
방어 기동 : 받는 피해 {0}% 감소	Defensive Maneuver: {0}% Damage Reduction
방어 기동 : 방어력+{0}%	Defensive Maneuver: Defense +{0}%
방어 기동 : 회피 {0}%	Defensive Maneuver: Evasion {0}%
실드 강타 : 행동 불가 효과	Shield Bash: Stun Target
직격 : 이동 불가 / 회피 감소 대상에게 추가 화염 피해	Direct Hit: Root target / Extra Flame damage to target with Evasion Down
강화 근력 : HP 50% 이상 시, 행동력 증가	Enhanced Muscles: Action Speed Up at 50% HP or above
강화 근력 : 행동력+{0}%	Enhanced Muscles: Action Speed +{0}%
강화 근력 : 받는 피해 {0}% 감소	Enhanced Muscles: {0}% Damage Reduction
포탑 설치	Deploy Turret
도발 효과	Taunt Effect
장갑 전개 : 행 보호	Armor Deployment: Row Protection
장갑 전개 모드 : 받는 피해 감소 / 행 보호	Armor Deploy Mode: Damage Reduction Up / Row Protect
극도의 불편함 : 공격력 / 치명타 / 행동력 증가	Extreme Discomfort: Attack / Critical Hit Rate / Action Speed Up
극도의 불편함 : 공격력+{0}%	Extreme Discomfort: Attack +{0}%
극도의 불편함 : 치명타+{0}%	Extreme Discomfort: Critical Hit Rate +{0}%
극도의 불편함 : 행동력+{0}%	Extreme Discomfort: Action Speed +{0}%
출력 강화 : 치명타 증가 / 방어 관통 효과	Power Boost: Critical Strike / Defense Penetration Effect
출력 강화 : 치명타+{0}%	Power Boost: Critical Strike +{0}%
출력 강화 : 방어 관통 {0}%	Power Boost: Defense Penetration {0}%
출력 강화 : 방어막 / 피해 감소 무시	Power Boost: Ignore Shields / Damage Reduction
출력 강화 : 공격력+{0}%	Power Boost: Attack +{0}%
급속 충전 : 공격 지원 / 지정 보호 상태로 공격 시, AP 증가	Quick Charge: Increases AP when attacking with support / designated protection
급속 충전 : AP+{0} (공격 지원)	Quick Charge: AP +{0} (Supports Attack)
급속 충전 : AP+{0} (지정 보호)	Quick Charge: AP +{0} (Designated Protection)
리미터 해제 : 공격력 / 행동력 / 회피 증가 / 공격 시, 고정 피해	Limiter Release: Attack / AP / Evasion Increase / Fixed Damage on Attack
리미터 해제 : 스킬 강화	Limiter Release: Skill Enhancement
리미터 해제 : 공격력+{0}%	Limiter Release: Attack +{0}%
리미터 해제 : 행동력+{0}%	Limiter Release: AP +{0}%
리미터 해제 : 회피+{0}%	Limiter Release: Evasion +{0}%
직격 : 효과 저항 {0}% 감소	Direct Hit: Status Resist -{0}% 
혼란 : 치명타 {0}%	Confused: Critical Hit Rate {0}%
혼란 : 행동력 {0}%	Confusion: {0}% Action Speed
지연 폭탄 : 2 라운드 후 폭발	Delayed Bomb: Explodes after 2 rounds
지연 폭발 : {0}% 물리 피해	Delayed Explosion: {0}% Physical Damage
해로운 효과 해제	Remove Harmful Effects
전위 지원 : AP+{0} (보호기)	Potential Support: AP +{0} (Defender)
현장 보급 : 행동력 증가 / 역할군에 따른 추가 효과	On-Site Supply: Increased Action Speed / Additional Effect by Role Group
혼란 : 적중 / 치명타 / 행동력 감소	Confusion: Accuracy / Critical Chance / Reduced Action Speed
혼란 : 적중 {0}%	Confused: Accuracy {0}%
혼란 : 행동 속도 {0}%	Confused: Action Speed {0}%
택배 왔어요! AP+{0}	I have a delivery! AP +{0}
직격 : 표식 / 이동 불가 대상에게 추가 피해	Direct Hit: Mark target / Extra damage against Rooted targets
실드 차지 : 행 보호 해제	Shield Charge: Remove Row Protection
거점 방어 모드 : 행 보호 / 열 보호 / 방어력 증가	Base Defense Mode: Row Protection / Column Protection / Defense Up
거점 방어 모드 : 행 보호	Base Defense Mode: Row Protection
거점 방어 모드 : 방어력+{0}%	Base Defense Mode: Defense +{0}%
거점 방어 모드 : 열 보호	Base Defense Mode: Column Protection
거점 방어 모드 : 받는 피해 {0}% 감소 (공격 시)	Base Defense Mode: {0}% Damage Reduction (On Attack)
거점 방어 모드 : 효과 저항+{0}% (공격 시)	Base Defense Mode: Status Resist +{0}%
적중 강화 해제	Remove Accuracy Buff
관측 보고 : AP / 사거리 / 치명타 / 적중 증가	Observation Report: AP / Range / Critical Chance / Accuracy Increase
관측 보고 : AP+{0}	Observation report: AP +{0}
벙커 버스터 : 뒤로 밀기 / 보호&피해 감소 효과 해제	Bunker Buster: Push Back / Remove Protections and Damage Reduction
벙커 버스터 : 뒤로 {0}칸 밀기	Bunker Buster: Push Back {0} Spaces
벙커 버스터 : 지정 대상 보호 해제	Bunker Buster: Remove Target Protection
벙커 버스터 : 열 보호 해제	Bunker Buster: Remove Column Protection
벙커 버스터 : 행 보호 해제	Bunker Buster: Remove Row Protection
벙커 버스터 : 피해 감소 효과 해제	Bunker Buster: Remove Damage Reduction
직격 : 이동 불가 추가 피해	Direct Hit: Additional damage to rooted targets
방벽 전환 : 행 보호 / 열 보호	Barricade Switch: Row Protection / Column Protection
방벽 전환 : 행 보호	Barricade Switch: Row Protection
방벽 전환 : 열 보호	Barricade Switch: Column Protection
방어 프로토콜 : 피격 시, 일정 확률로 방어력 증가	Defense Protocol: On hit, chance to Defense Up
실드 돌진 : 행 / 열 보호 / 피해 감소 해제	Shield Charge: Remove Row & Column Protection and Damage Reduction
열 보호 효과 해제	Remove Column Protection
특수 방어막 전개 : 행 보호	Deploy Special Barrier: Row Protection
행 보호 해제	Remove Row Protection
열 보호 해제	Remove Column Protection
거점 방어 모드 : 전투 개시 시, 행 보호 / 방어력 증가	Base Defense Mode: Row Protect / Defense Up at the start of battle
표준형 전투 OS : 공격력+{0}%	Standard Combat OS: Attack +{0}%
표준형 전투 OS : 방어력+{0}%	Standard Combat OS: Defense +{0}%
표준형 전투 OS : 적중+{0}%	Standard Combat OS: Accuracy +{0}%
표준형 전투 OS : 회피+{0}%	Standard Combat OS: Evasion +{0}%
돌격형 전투 OS : 공격력+{0}%	Rushing Combat OS: Attack +{0}%
돌격형 전투 OS : 받는 피해+{0}%	Rushing Combat OS: Damage Received +{0}%
방어형 전투 OS : 방어력+{0}%	Defensive Combat OS: Defense +{0}%
방어형 전투 OS : 받는 피해 {0}% 감소	Defensive Combat OS: Reduces damage taken by {0}%
강습형 전투 OS : 공격력+{0}%	Assault Combat OS: Attack +{0}%
강습형 전투 OS : 사거리 {0}	Assault Combat OS: Range {0}
정밀형 전투 OS : 공격력+{0}%	Precision Combat OS: Attack +{0}%
정밀형 전투 OS : 행동력 {0}%	Precision Combat OS: {0}% Action Speed
정밀형 전투 OS : 적중 감소 해제	Precision Combat OS: Remove Accuracy Reduction
대 기동형 OS : 피해량+{0}%	Anti-Air OS: Damage +{0}%
대 경장형 OS : 피해량+{0}%	Anti-Light OS: Damage +{0}%
대 중장형 OS : 피해량+{0}%	Anti-Heavy OS: Damage +{0}%
고속 학습 OS : 경험치+{0}%	Fast Learning OS: Experience +{0}%
보조 에너지 팩 : AP+{0}	Secondary Energy Pack: AP +{0}
관측 장비 : 사거리+{0}	Observation Equipment: Range +{0}
관측 장비 : 적중+{0}%	Observation Equipment: Accuracy +{0}%
대 장갑 장비 : 방어 관통+{0}%	Heavy Armor Equipment: Defense Penetration +{0}%
방어 역장 : 방어막+{0}	Force Field: Shield +{0}
정찰 드론 : 다음 적 정보 획득	Scout Drone: Obtain upcoming enemy information
전투 자극제 : 행동력+{0}%	Combat Stimulant: Action Speed +{0}%
전투 자극제 : {0} HP로 전투 속행	Combat Stimulant: Resume combat at {0} HP
용살자의 징표 : 효과 발동+{0}%	Mark of the Dragonslayer: Effect Activation +{0}%
방어 지휘 : 받는 피해 감소 / 방어력 / 행동력 증가	Defense Command: Damage Reduction / Defense / Increased Action Speed
방어 지휘 : 받는 피해 {0}% 감소	Defense Command: Reduces damage taken by {0}%
방어 지휘 : 방어력+{0}%	Defense Command: Defense +{0}%
방어 지휘 : 행동력+{0}%	Defense Command: Action Speed +{0}%
공격 지휘 전환 : 공격 시, 공격 지휘로 전환	Switch to Attack Command: When attacking, switch to Attack Command
공격 지휘 전환	Switch to Attack Command
멈출 수 없는 본능 : 도발 / 행동 불능 / 행동력 감소 무효	Unstoppable Instincts: Taunts / Nullify Inactions / Nullify Decreased Action Speed
멈출 수 없는 본능 : 이동 불가 무효	Unstoppable Instincts: Unable to move
멈출 수 없는 본능 : 행동 불능 무효	Unstoppable Instincts: Nullify Inaction
멈출 수 없는 본능 : 행동력 감소 무효	Unstoppable Instincts: Nullify Action Speed Reduction
전위 지원 : 전방의 보호기 AP 증가	Potential Support: Increases AP Defender in Front
택배가 섞였나? : AP 증가 / 무작위 강화 효과	Package Mixup? : Increase AP / Random Buff
멈출 수 없는 질주 : 행동력 / 회피 증가 & 감소 효과 해제	Unstoppable Sprint: Unlocks the ability / Evasion Increase & Decrease effect
멈출 수 없는 질주 : 회피+{0}%	Unstoppable Sprint: Evasion + {0}%
적중 감소	Reduced Accuracy
파일 벙커 드라이브 : 보호 해제 / 뒤로 밀기 / 표식 대상 피해 증가	Pile Bunker Drive: Remove Protection / Push Back / Bonus damage to Marked target
파일 벙커 드라이브 : 행 보호 해제	Pile Bunker Drive: Remove Row Protection
파일 벙커 드라이브 : 열 보호 해제	Pile Bunker Drive: Remove Column Protection
파일 벙커 드라이브 : 지정 보호 해제	Pile Bunker Drive: Remove Target Protection
파일 벙커 드라이브 : 뒤로 {0}칸 밀기	Pile Bunker Drive: Push Back {0} Spaces
참호 기능 : 행 보호	Trench Function: Row Protection
칙 블로킹 : 행 보호 / 열 보호 / 받는 피해 감소	Chick Blockade: Row & Column Protection / Damage Reduction Up
칙 블로킹 : 받는 피해 {0}% 감소	Chick Blockade: {0}% Damage Reduction
칙 블로킹 : 행 보호	Chick Blockade: Row Protection
칙 블로킹 : 열 보호	Chick Blockade: Column Protection
칙 블로킹 : 효과 저항+{0}%	Chick Blockade: Status Resist +{0}%
사이클론 스트림 : 뒤로 밀기 / 보호 효과 해제	Cyclone Stream: Push Back / Remove Protection
사이클론 스트림 : 뒤로 {0}칸 밀기	Cyclone Stream: Push Back {0} Spaces
사이클론 스트림 : 행 보호 해제	Cyclone Stream: Remove Row Protection
사이클론 스트림 : 열 보호 해제	Cyclone Stream: Remove Column Protection
사이클론 스트림 : 지정 보호 해제	Cyclone Stream: Remove Target Protection
진형 사수 : 방어막 / 받는 피해 감소 / 반격 / 행 보호	Maintain Formation: Barrier / Damage Reduction / Counter / Row Protect
진형 사수 : 방어막+{0}	Maintain Formation: Barrier + {0}
진형 사수 : 받는 피해 {0}% 감소	Maintain Formation: {0}% Damage Reduction
진형 사수 : {0}% 위력으로 반격	Maintain Formation: Counter with {0}% damage
진형 사수 : 행 보호	Maintain Formation: Row Protection
진압 개시 : AP+{0}	Commence Suppression: AP +{0}
이동형 진지 : 자신 뒤의 아군 보호 / 방어력 증가	Mobile Stronghold: Protect allies behind self / Defense Up
이동형 진지 : 지정 대상 보호	Mobile Stronghold: Target Protection
이동형 진지 : 방어력+{0}% (자신)	Mobile Stronghold: Defense +{0}% (Self)
이동형 진지 : 방어력 증가	Mobile Stronghold: Defense Up
이동형 진지 : 방어력+{0}%	Mobile Stronghold: Defense +{0}%
이동형 진지 : 고정형으로 변형	Mobile Stronghold: Change to Stationary Mode
이동형 진지 : 고정형 모드로 변형	Mobile Stronghold: Change to Stationary Mode
고정형 진지 : 받는 피해 {0}% 감소	Stationary Stronghold: {0}% Damage Reduction
고정형 진지 : 행 보호	Stationary Stronghold: Row Protection
고정형 진지 : 받는 피해 감소 / 방어력 증가 / 이동 불가 / 행 보호	Stationary Stronghold: Damage Reduction / Defense Up / Rooted / Row Protect
고정형 진지 : 이동형으로 변형	Stationary Stronghold: Change to Mobile Mode
고정형 진지 : 이동형 모드로 변형	Stationary Stronghold: Change to Mobile Mode
고정형 진지 : 이동 불가	Stationary Stronghold: Rooted
고정형 진지 : 이동 불가 (해제불가)	Stationary Stronghold: Rooted (cannot be removed)
의상 교환권	Costume Voucher
의상 교환에 쓰이는 티켓입니다.	This ticket is used to exchange for costumes.
AI 코어	AI Cores
로봇 제작에 필요한 재료입니다.	Material required to build robots.
전투 장비 코어	Battle Gear Cores
전투 장비 제작에 필요한 재료입니다.	Material required to build gear.
급속 완성 회로	Quick-Complete Circuits
전투원 제작이나 장비 제작을 바로 완성할 수 있는 회로입니다.	This circuit allows you to fast-track the production of units or gear.
링크 해제기	Link Breakers
전투원 코어 링크 해제에 필요한 해제기입니다.	This device is required to release a unit's core links.
유전자 씨앗	Gene Seeds
바이오로이드 제작에 필요한 유전자 씨앗입니다.	A Gene Seed that's required to make a Bioroid.
전투 모듈 초기화 장비	Battle Module Resets
전투원 강화 초기화에 필요한 장비입니다.	This equipment is required to reset unit enhancements.
수복 나노머신	Quick-Fix Nanomachines
쾌속 수복이나 응급 수복에 필요한 나노머신입니다.	A Nanomachine is necessary to perform a Quick-Fix or an emergency recovery.
수복실 확장	Recovery Room Expansion
수복실이 1칸 확장됩니다.	The recovery room will be expanded by 1 slot.
일반 모듈	Basic Module
연구 등에 사용되는 표준 모듈입니다.	Standard module used for research, etc.
전투원 또는 장비 분해로 획득 가능합니다.	Can be obtained by disassembly of units or gear.
고급 모듈	Advanced Module
고급 연구나 특수 바이오로이드 제작에 필요한 모듈입니다.	Modules needed for advanced research or special Bioroid builds.
A랭크 이상 전투원 또는 장비 분해로 획득 가능합니다.	Can be obtained by disassembling units or gear above A-Rank.
특수 모듈	Special Module
고급 연구나 특수 메카닉 제작에 필요한 모듈입니다.	Modules required for advanced research or special robot builds.
S랭크 이상 전투원 또는 장비 분해로 획득 가능합니다.	Can be obtained by disassembling units or gear above S-Rank.
수제 케이크	Handmade Cakes
공들여 만든 걸작 케이크입니다. 선물 시 호감도가 대폭 증가합니다.	An elaborate masterpiece. Gifting one will increase Affinity dramatically.
수상한 연산 회로	Strange Circuits
출처를 알 수 없는 연산 회로입니다. 어떤 연구도 순식간에 처리할 수 있습니다.	The source of this CPU is unknown. Any research can be completed instantly.
폴른용 적색 페인트	Red Paint for Fallen
폴른에게 주면 도장이 적색으로 변경됩니다.	If you give it to Fallen, it's paint becomes red.
합성 롤리팝	Synthetic Lollipops
원료를 알 수 없는 롤리팝입니다. 선물 시 호감도가 소폭 증가합니다.	A lollipop made from basic ingredients. Gifting one will increase Affinity slightly.
초콜릿	Chocolates
쓸만한 원료로 만든 초콜렛입니다. 선물 시 호감도가 증가합니다.	Chocolate made from better ingredients. Gifting one will increase Affinity.
전투원 대기실 확장	Lobby Expansion
전투원 대기실이 10칸 확장됩니다.	The lobby will be expanded by 10 slots.
장비 창고 확장	Warehouse Expansion
장비 창고가 20칸 확장됩니다.	The warehouse will be expanded by 20 slots.
전투원 제조 시설 확장	Unit Build Slot Expansion
전투 제조실이 1칸 확장됩니다.	The unit workshop will be expanded by 1 work slot.
장비 제조 시설 확장	Gear Build Slot Expansion
장비 제조실이 1칸 확장됩니다.	The gear workshop will be expanded by 1 work slot.
스쿼드 출격 포드 확장	Squad Slot Expansion
스쿼드 슬롯이 1칸 확장됩니다.	The squad allowance will be increased by 1 slot.
전투 일지	Battle Logs
선물 시, 전투원의 경험치가 3000 증가합니다.	Gifting one will increase a unit's experience by 3000.
훈련 교본	Training Manuals
선물 시, 전투원의 모든 스킬 경험치가 1000 증가합니다.	Gifting one will increase the experience of all of a unit's skills by 1000.
양산형 파츠	Mass-Production Parts
연구와 로봇 제작에 사용되는 흔한 부품입니다.	Common parts used in research and building robots.
대부분의 철충에게서 획득 가능합니다.	Obtained from most Iron Parasites.
시작형 파츠	Starter Parts
연구와 로봇 제작에 사용되는 고급 부품입니다.	Advanced parts used in research and building robots.
연결체급이나 특수 개체, Ex 스테이지의 철충에게서 획득 가능합니다.	Obtained from Iron Parasites from EX stages, some Nexus-tier ones and some special enemies.
합금 장갑판	Alloy Plates
쓸만한 로봇용 장갑판입니다. 연구 또는 로봇 제작에 사용됩니다.	Useful robot armor plate. Used in research and building robots.
보호기 철충에게서 획득 가능합니다.	In can be obtained from Defense Iron Parasites.
초합금 장갑판	Super-Alloy Armor Plates
매우 튼튼한 로봇용 장갑판입니다. 연구 또는 로봇 제작에 사용됩니다.	Very strong robot armor plate. Used in researched and building robots.
중장형 철충과 Ex 스테이지의 일부 철충에게서 획득 가능합니다.	Obtained from Heavy Iron Parasites and some Iron Parasites in EX stages.
부스터 파츠	Booster Parts
로봇용 부스터 부품입니다. 연구 또는 로봇 제작에 사용됩니다.	Booster parts for robots. Used in research and building robots.
기동형 철충에게서 획득 가능합니다.	Obtained from Flying Iron Parasites.
고출력 부스터 파츠	High-Power Booster Parts
출력이 높은 부스터 부품입니다. 연구 또는 로봇 제작에 사용됩니다.	High-power booster parts. Used in research and building robots.
일부 특수 개체, 연결체 급 철충과 2챕터 이후의 Ex 스테이지 철충에게서 획득 가능합니다.	Obtained from Iron Parasites from EX stages after Chapter 2, some Nexus-tier ones and some special enemies.
무장 파츠	Weapon Parts
로봇용 무장 파츠입니다. 연구 또는 로봇 제작에 사용됩니다.	Robot weapon parts. Used in research and building robots.
공격기 철충에게서 획득 가능합니다.	Obtained from Attacker Iron Parasites.
중무장 파츠	Heavy Weapon Parts
로봇용 중무장 파츠입니다. 연구 또는 로봇 제작에 사용됩니다.	Robot heavy weapon parts. Used in research and building robots.
중무장 철충과 Ex 스테이지의 철충에게서 획득 가능합니다.	Obtained from Heavy Iron Parasites or the ones in EX stages.
연산 제어 파츠	CPU Parts
로봇용 연산 제어 파츠입니다. 연구 또는 로봇 제작에 사용됩니다.	Robot CPU parts. Used in research and building robots.
지원기 철충에게서 획득 가능합니다.	Obtained from Support Iron Parasites.
고밀도 연산 제어 파츠	High-Density CPU Parts
로봇용 정밀 연산 제어 파츠입니다. 연구 또는 로봇 제작에 사용됩니다.	Robot high-precision CPU.Used in research and building robots.
일부 특수 개체, 연결체 급 철충과 3챕터 Ex 스테이지 철충에게서 획득 가능합니다.	Obtained from Iron Parasites from EX stages after Chapter 3, some Nexus-tier ones and some special enemies.
하계 전투복 (브라우니)	Summer Combat Suit (Brownie)
여름에는 좀 더 시원한 전투복이 필요하죠. 특히 열정적인 브라우니에겐 더욱.	In summer you need cooler combat suits. Especially for passionate Brownies.
멸망 전의 유산 상자	Pre-Disaster Legacy Box
인류가 멸망 전에 사용하던 합금 상자입니다. 뭐가 들어있는 지 알 수 없습니다.	An alloy box used by mankind before destruction. I don't know what's in it.
멸망 전의 유산 상자 더미	Pile of Pre-Disaster Legacy Boxes
인류가 멸망 전에 사용하던 합금 상자 더미입니다. 뭐가 들어있는 지 알 수 없지만, 뭔가 더 귀한 물건이 들어있을 것 같습니다.	A pile of alloy crates used by mankind before destruction. I don't know what's in there, but I think there might be something more valuable.
영원한 전장 시작 시간	Endless War Start Time
영원한 전장 종료 시간	Endless War End Time
강화 상한치 기본 수치	Enhancement Limit Base Value
강화 상한치 최대 수치	Enhancement Limit Maximum Value
테스트용 소모 아이템(장비 부여 토큰)	Test consumable (token applicable to equipment)
테스트용 소모 아이템(경험치 부여 토큰)	Test consumable (token applicable to experience)
전투원 강화용 모듈입니다. 공격력 강화치+(대) / 적중 강화치+(소)	Module for unit enhancement. Attack Enhancement+(High) / Accuracy Enhancement+(Low)
전투원 강화용 모듈입니다. HP 강화치+(중) / 방어력 강화치+(중)	Module for unit enhancement. HP Enhancement+(Medium) / Defense Enhancement+(Medium)
전투원 강화용 모듈입니다. HP 강화치+(중) / 적중 강화치+(중)	Module for unit enhancement. HP Enhancement+(Medium) / Accuracy Enhancement+(Medium)
전투원 강화용 모듈입니다. 공격력 강화치+(중) / 치명타 강화치+(중)	Module for unit enhancement. Attack Enhancement+(Medium) / Crit Chance Enhacement+(Medium)
전투원 강화용 모듈입니다. 회피 강화치+(최대)	Module for unit enhancement. Evasion Enhancement+(Highest)
전투원 강화용 모듈입니다. 치명타 강화치+(중) / 적중 강화치+(중)	Module for unit enhancement. Crit Chance Enhacement+(Medium) / Accuracy Enhancement+(Medium)
전투원 강화용 모듈입니다. 공격력 강화치+(최대)	Module for unit enhancement. Attack Enhancement+(Highest)
전투원 강화용 모듈입니다. 방어력 강화치+(최대)	Module for unit enhancement. Defense Enhancement+(Highest)
전투원 강화용 모듈입니다. 공격력 강화치+(대) / 치명타 강화치+(소)	Module for unit enhancement. Attack Enhancement+(High) / Crit Chance Enhacement+(Low)
부품 팩	Pack of Parts
영양 팩	Pack of Nutrients
배터리 팩	Pack of Batteries
AS-12 스틸 드라코	AS-12 Steel Draco
AS-12 스틸 드라코를 지급합니다	Given AS-12 Steel Draco
하계 전투복 (레프리콘)	Summer Combat Suit (Leprechaun)
여름에는 좀 더 시원한 전투복이 필요하죠. 레프리콘이 그것을 원하지 않는다고 하더라도요.	In summer you need cooler combat suits. Even if the Leprechaun doesn't want it.
체조복 (토모)	Gym Clothes (Tomo)
토모는 특별 활동으로 체조부를 선택했습니다. 글쎄요. 체조의 규칙이 간단하긴 합니다만…	Tomo chose gymnastics as a special activity. I don't know, the rules of gymnastics are simple, but…
간호사복 (다프네)	Nurse uniform (Daphne)
정원 관리용 다프네는 소량이지만 간호용으로도 생산되었습니다. 식물이든 동물이든 돌본다는 점에서는 크게 다르지 않죠.	There are a small amount of gardening Daphne, but they are also made for health care. Whether it's a plant or an animal, it's not much different.
고딕 드레스 (LRL)	Gothic Dress (LRL)
새로운 힘, 피에 눈을 뜬 진조 뱀파이어 LRL. 검과 검은 드레스는 고귀한 진조에 더욱 어울립니다.	A new power emerges in Vampire Lady LRL, awakened by blood. The sword and her black dress suits her noble blood.
전투수트 (콘스탄챠)	Battle Suit (Constantia)
자신의 메이드복을 자랑스러워하는 콘스탄챠지만 전투 성능 테스트를 위해서는 어쩔 수 없이 수트를 입습니다. 그래도 포기 못하는 게 있죠.	Constantia is proud of her maid clothes, but she is forced to wear a suit for combat performance tests. But there are some things I can't give up.
대형 부품 팩	Large Pack of Parts
부품 박스	Box of Parts
부품 컨테이너	Container of Parts
대형 영양 팩	Large Pack of Nutrients
영양 박스	Box of Nutrients
영양 컨테이너	Container of Nutrients
대형 배터리 팩	Large Pack of Batteries
배터리 박스	Box of Batteries
배터리 컨테이너	Container of Batteries
자원 팩	Pack of Resources
자원 팩 (한정 세일)	Pack of Resources (Limited Sale)
자원 박스	Box of Resources
자원 박스 (한정 세일)	Box of Resources (Limited Sale)
소형 자원 컨테이너	Small Container of Resources
소형 자원 컨테이너 (한정 세일)	Small Container of Resources (Limited Sale)
중형 자원 컨테이너	Medium Container of Resources
중형 자원 컨테이너 (한정 세일)	Medium Container of Resources
대형 자원 컨테이너	Large Container of Resources
대형 자원 컨테이너 (한정 세일)	Large Container of Resources (Limited Sale)
초대형 자원 컨테이너	Very Large Container of Resources
초대형 자원 컨테이너 (한정 세일)	Very Large Container of Resources (Limited Sale)
일반 모듈 팩	Pack of Basic Modules
일반 모듈 박스	Box of Basic Modules
일반 모듈 컨테이너	Container of Basic Modules
고급 모듈 팩	Pack of Advanced Modules
고급 모듈 박스	Box of Advanced Modules
고급 모듈 컨테이너	Container of Advanced Modules
특수 모듈 팩	Pack of Special Modules
특수 모듈 박스	Box of Special Modules
특수 모듈 컨테이너	Container of Special Modules
종합 모듈 팩	Comprehensive module pack
일반 모듈 100 / 고급 모듈 20 / 특수 모듈 5개가 들어있습니다.	Contains 100 Basic / 20 Advanced / 5 Special modules.
종합 모듈 박스	Comprehensive module box
일반 모듈 500 / 고급 모듈 50 / 특수 모듈 10개가 들어있습니다.	Contains 500 Basic / 50 Advanced / 10 Special modules.
종합 모듈 컨테이너	Comprehensive module container
일반 모듈 1000 / 고급 모듈 100 / 특수 모듈 20개가 들어있습니다.	Contains 1000 Basic / 100 Advanced / 20 Special modules.
양산형 부품 팩	Pack of Mass-Production Parts
양산형 부품 박스	Box of Mass-Production Parts
양산형 부품 컨테이너	Container of Mass-Production Parts
시작형 파츠 팩	Starter Parts Pack
초합급 장갑판 팩	Pack of Super-Alloy Armor Plates
고출력 부스터 파츠 팩	Pack of High-Power Booster Parts
중무장 파츠 팩	Pack of Heavy Weapon Parts
고밀도 연산 제어 파츠 팩	Pack of High-Density CPU Parts
고급형 부품 팩	Pack of Advanced Robot Parts
고급형 부품 박스	Box of Advanced Robot Parts
고급형 부품 컨테이너	Container of Advanced Robot Parts
합성 롤리팝 팩	Pack of Synthetic Lollipops
합성 롤리팝 박스	Box of Synthetic Lollipops
가공 초콜릿 팩	Pack of Processed Chocolates
가공 초콜릿 박스	Box of Processed Chocolates
수제 케이크 박스	Box of Handmade Cakes
전투 일지 묶음	Battle Log Bundle
전투 일지 모음집	Battle Log Collection
훈련 교본 묶음	Training Manual Bundle
훈련 교본 모음집	Training Manual Collection
닉네임 변경 신청서	Name Change Application
삼안 VIP 티켓	Saman VIP Ticket
교환소에서 사용할 수 있는 특수 티켓입니다.	Special ticket available at the Exchange.
교환소에서 의상 처분으로 얻을 수 있습니다.	You can get it by recycling costumes at the Exchange.
오리진 더스트	Origin Dust
고급 오리진 더스트	Advanced Origin Dust
특수 오리진 더스트	Special Origin Dust
AG-1 네레이드	AG-1 Nereid
AG-1 네레이드를 지급합니다	Given AG-1 Nereid
P/A-00 그리폰	P/A-00 Griffon
P/A-00 그리폰을 지급합니다	Given P/A-00 Griffon
콘스탄챠 S2	Constantia S2
콘스탄챠 S2을 지급합니다	Given Constantia S2
프레스터 요안나	Prester Johanna
프레스터 요안나을 지급합니다	Given Prester Johanna
펍 헤드	PuppHead
펍 헤드을 지급합니다	Given PuppHead
폴른	Fallen
폴른을 지급합니다	Given Fallen
에이미 레이저	Amy the Razor
에이미 레이저을 지급합니다	Given Amy the Razor
코코 인 화이트셸	CoCo & WhiteShell
코코 인 화이트셸을 지급합니다	Given CoCo & WhiteShell
불굴의 마리	Indomitable Marie
불굴의 마리을 지급합니다	Given Indomitable Marie
드론	Drone
드론을 지급합니다	Given Drone
LRL을 지급합니다	Given LRL
미스세이프티	Ms.Safety
미스세이프티을 지급합니다	Given Ms.Safety
T2 브라우니	T2 Brownie
T2 브라우니을 지급합니다	Given T2 Brownie
마이티R	MightyR
마이티R을 지급합니다	Given MightyR
더치걸	DutchGirl
더치걸을 지급합니다	Given DutchGirl
다프네	Daphne
다프네을 지급합니다	Given Daphne
알바트로스	Albatross
알바트로스을 지급합니다	Given Albatross
토미 워커	TommyWalker
토미 워커을 지급합니다	Given TommyWalker
포츈	Fortune
포츈을 지급합니다	Given Fortune
T-3 레프리콘	T-3 Leprechaun
T-3 레프리콘을 지급합니다	Given T-3 Leprechaun
포티아	Fortia
포티아을 지급합니다	Given Fortia
시저스 리제	Scissors Lise
시저스 리제을 지급합니다	Given Scissors Lise
P-24 핀토	P-24 Pinto
P-24 핀토을 지급합니다	Given P-24 Pinto
CS 페로	CS Perrault
CS 페로을 지급합니다	Given CS Perrault
티에치엔	Tiequan
티에치엔을 지급합니다	Given Tiequan
AT-100 비스트헌터	AT-100 BeastHunter
AT-100 비스트헌터을 지급합니다	Given AT-100 BeastHunter
M-5 이프리트	M-5 Efreeti
M-5 이프리트을 지급합니다	Given M-5 Efreeti
에이다	Aeda
에이다을 지급합니다	Given Aeda
AA-7 임펫	AA-7 Impet
AA-7 임펫을 지급합니다	Given AA-7 Impet
T-8W 발키리	T-8W Valkyrie
T-8W 발키리을 지급합니다	Given T-8W Valkyrie
토모	Tomo
토모을 지급합니다	Given Tomo
라비아타	Labiata
라비아타을 지급합니다	Given Labiata
A-6 이오	A-6 Io
A-6 이오을 지급합니다	Given A-6 Io
GS-10 샌드걸	GS-10 SandGirl
GS-10 샌드걸을 지급합니다	Given GS-10 SandGirl
T-10 님프	T-10 Nymph
T-10 님프을 지급합니다	Given T-10 Nymph
T-9 그렘린	T-9 Gremlin
T-9 그렘린을 지급합니다	Given T-9 Gremlin
바닐라 A1	Vanilla A1
바닐라 A1을 지급합니다	Given Vanilla A1
A-1 블러디 팬서	A-1 Bloody Panther
A-1 블러디 팬서을 지급합니다	Given A-1 Bloody Panther
램파트	Rampart
램파트을 지급합니다	Given Rampart
멸망의 메이	Destruction May
멸망의 메이을 지급합니다	Given Destruction May
켈베로스	Cerberus
켈베로스을 지급합니다	Given Cerberus
B-11 나이트 앤젤	B-11 NightAngel
B-11 나이트 앤젤을 지급합니다	Given B-11 NightAngel
X-05 에밀리	X-05 Emily
X-05 에밀리을 지급합니다	Given X-05 Emily
철혈의 레오나	Bloodstained Leona
철혈의 레오나을 지급합니다	Given Bloodstained Leona
신속의 칸	Swift Khan
신속의 칸을 지급합니다	Given Swift Khan
AT-4 파니	AT-4 Pani
AT-4 파니을 지급합니다	Given AT-4 Pani
프로스트 서펀트	Frost Serpent
프로스트 서펀트을 지급합니다	Given Frost Serpent
P-18 실피드	P-18 Sylphid
P-18 실피드을 지급합니다	Given P-18 Sylphid
스카디	Scathy
스카디을 지급합니다	Given Scathy
AL 팬텀	AL Phantom
AL 팬텀을 지급합니다	Given AL Phantom
블랙 리리스	BlackLilith
블랙 리리스을 지급합니다	Given BlackLilith
공진의 알렉산드라	Resonant Alexandra
공진의 알렉산드라을 지급합니다	Given Resonant Alexandra
P-49 슬레이프니르	P-49 Sleipnir
P-49 슬레이프니르을 지급합니다	Given P-49 Sleipnir
네오딤	Neodym
네오딤을 지급합니다	Given Neodym
익스프레스 76	Express76
익스프레스 76을 지급합니다	Given Express76
성벽의 하치코	Hachiko of the Wall
성벽의 하치코을 지급합니다	Given Wall Hachiko
P-2000 지니야	P-2000 Djinnia
P-2000 지니야을 지급합니다	Given P-2000 Djinnia
P/A-8 블랙 하운드	P/A-8 Blackhound
P/A-8 블랙 하운드을 지급합니다	Given P/A-8 Blackhound
닥터	Doctor
닥터을 지급합니다	Given Doctor
T-50 PX 실키	T-50 PX Silky
T-50 PX 실키을 지급합니다	Given T-50 PX Silky
스팅어	Stinger
스팅어을 지급합니다	Given Stinger
T-14 미호	T-14 Miho
T-14 미호을 지급합니다	Given T-14 Miho
A-54 칼리스타	A-54 Calista
A-54 칼리스타을 지급합니다	Given A-54 Calista
기간테스	Gigantes
기간테스을 지급합니다	Given Gigantes
셀주크	Seljuq
셀주크을 지급합니다	Given Seljuq
37식 다이카	Type37 Daika
37식 다이카을 지급합니다	Given Type37 Daika
아쿠아	Aqua
아쿠아을 지급합니다	Given Aqua
레이시	Wraithy
레이시을 지급합니다	Given Wraithy
T-60 불가사리	T-60 Bulgasari
T-60 불가사리을 지급합니다	Given T-60 Bulgasari
퀵 카멜	Quick Camel
퀵 카멜을 지급합니다	Given Quick Camel
T-75 워울프	T-75 Werewolf
T-75 워울프을 지급합니다	Given T-75 Werewolf
쉐이드	Shade
쉐이드를 지급합니다	Given Shade
매지컬 모모	Magical MoMo
매지컬 모모를 지급합니다	Given Magical MoMo
아탈란테	Atalanta
아탈란테를 지급합니다	Given Atalanta
GS-130 피닉스	GS-130 Phoenix
GS-130 피닉스를 지급합니다	Given GS-130 Phoenix
P-3M 운디네	P-3M Undine
P-3M 운디네를 지급합니다	Purchase P-3M Undine
캐럴라이나	Carolina
캐럴라이나를 지급합니다	Given Carolina
랜서 미나	Lancer Mina
랜서 미나를 지급합니다	Given Lancer Mina
소완	Sowan
소완을 지급합니다	Given Sowan
오드리	Audrey
오드리를 지급합니다	Given Audrey
노움	Gnome
노움을 지급합니다	Given Gnome
스파르탄 어썰트	Spartan Assault
스파르탄 어썰트를 지급합니다	Given Spartan Assault
스파르탄 부머	Spartan Boomer
스파르탄 부머를 지급합니다	Given Spartan Boomer
스파르탄 캡틴	Spartan Captain
스파르탄 캡틴을 지급합니다	Given Spartan Captain
엘븐 포레스트메이커	Elven ForestMaker
엘븐 포레스트메이커를 지급합니다	Given Elven ForestMaker
커넥터 유미	Connector Yumi
커넥터 유미를 지급합니다	Given Connector Yumi
샬럿	Charlotte
샬럿을 지급합니다	Given Charlotte
A-14B 스프리건	A-14B Spriggan
A-14B 스프리건을 지급합니다	Given A-14B Spriggan
AG-2C 세이렌	AG-2C Sirene
AG-2C 세이렌을 지급합니다	Given AG-2C Sirene
아자젤	Azazel
아자젤을 지급합니다	Given Azazel
대체 코어	Proxy Core
대체 코어를 지급합니다	Given Proxy Core
특수 대체 코어	Special Proxy Core
특수 대체 코어를 지급합니다	Given Special Proxy Core
트리아이나	Triana
트리아이나을 지급합니다	Given Triana
RF87 로크	RF87 Roc
RF87 로크을 지급합니다	Given RF87 Roc
레아	Rhea
레아를 지급합니다	Given Rhea
이그니스	Ignis
이그니스를 지급합니다	Given Ignis
엠프리스	Empress
엠프리스를 지급합니다	Given Empress
앨리스	Alice
앨리스를 지급합니다	Given Alice
모모 스티커	Momo Sticker
백토 스티커	Baekto Sticker
뽀끄루 대마왕 스티커	Faucre Sticker
매지컬 백토	Magical BaekTo
매지컬 백토을 지급합니다	Given Magical BaekTo
뽀끄루 대마왕	Evil Overlord Faucre
뽀끄루 대마왕을 지급합니다	Given Evil Overlord Faucre
공격력+{0}	Attack +{0}
출력을 강화해 공격력을 높입니다.	Increase attack by enhancing output.
적중+{0}	Accuracy +{0}
연산 성능을 강화해 적중을 높입니다.	Increase accuracy by enhancing computational performance.
내 충격 성능을 강화해 방어를 높입니다.	Increases defense by enhancing impact resistance.
회피+{0}	Evasion +{0}
반응 속도를 향상시켜 회피를 높입니다.	Increase evasion by enhancing response speed.
치명타+{0}	Crit Chance +{}0
적의 약점을 분석해 치명타를 높입니다.	Analyze the enemy weaknesses to increase critical hit chance.
회로 내구도를 높여 HP가 증가합니다.	Increase HP by enhancing circuit durability
라운드 개시 시, 해로운 효과 저항력을 높여주고 일정 확률로 해로운 효과를 해제합니다.	At the beginning of a round, your resistance to harmful effects is increased and you have a chance to nullify harmful effects.
행동력+{0}	Action Speed +{0}
각 처리 성능을 향상시켜 행동력이 증가합니다.	Enhances processing power thereby increasing action speed.
공격, 방어, 적중, 회피를 올려주는 표준형 전투 OS입니다. 해당 OS의 효과는 스킬 부가 효과 발동에 필요한 조건을 만족시킬 수 있습니다.	Standard battle OS for attack, defense, accuracy, and evasion. The effects of the OS can satisfy the conditions required to activate skill add-on effects.
공격에만 집중하는 전투 OS입니다.	Combat OS focused solely on attacking.
방어에 집중하는 전투 OS 입니다.	Combat OS focused solely on defense.
지원기 전용 시스템으로, 공격받으면 일정 확률로 반격합니다.	Support-only system. When attacked, counterattack with a fixed probability.
강력한 공격을 위한 전투 OS로, 공격력이 증가하지만 사거리가 감소합니다.	Combat OS for powerful attacks. Increases attack power but decreases range.
특수 코팅 라이플탄	Special Coated Rifle Cartridge
공격력+{0} / 치명타+{1} / 방어 관통	ATK +{0} / CRIT +{1} / DEF Penetration
콘스탄챠의 윈체스터 라이플 전용 특수 탄환입니다. 방어 관통이 증가합니다.	A special type of bullet for Constantia's Winchester rifle. Increases Defense Penetration.
확장 AMRAAM 포드	Expanded AMRAAM Pod
공격력+{0} / 적중+{1} / 치명타+{2}	ATK +{0} / ACC + {1} / CRIT +{2}
그리폰 전용 확장 미사일 포드입니다. 대 기동형 피해량과 방어 관통이 증가하며, 강화 레벨 10에서 사거리가 증가합니다.	An expanded missile pod for Griffon. Increases Anti-Flying damage and Defense Penetration, and increases range at level 10.
초합금 플레이트 아머	Superalloy Plate Armor
모든 속성 저항+{0} / 효과 저항	All Element Resist +{0} / Effect Resist
요안나 전용 초합금 플레이트 아머입니다.	A special alloy plate armor for Johanna.
용살자의 징표	Mark of the Dragonslayer
치명타+{0} / 회피+{1} / 효과 발동률 증가	CRIT +{0} / EVA +{0} / Higher chance for skill proc
LRL의 애독서입니다. 원리는 알 수 없지만 들고 있으면 운이 좋아지는 듯 합니다.	LRL's favorite book. No one knows how, but it seems to give good luck.
자동 조준 회로	Auto Aim Circuit
공격력+{0} 치명타+{0}	ATK +{0} CRIT +{0}
40mm DU탄	40mm DU Rounds
공격력+{0} / 치명타+{1} / 적중+{2} / 방어 관통	ATK +{0} / CRIT +{1} / ACC +{2} / DEF Penetration
AG-1 네레이드 전용 40mm 열화 우라늄탄입니다.	40mm depleted uranium rounds for AG-1 Nereid.
ATFLIR 강화 회로	ATFLIR Enhancement Circuit
우주용 확장 부스터	Expanded Space Booster
MG80용 개조키트	MG80 Modification Kit
수상한 보조제	Suspicious Supplement
행동력+{0} / 사거리 증가 / 받는 피해 감소	ACT +{0} / Range Up / DMG Reduction Up
스카디 전용 수상한 보조 식품입니다. 대부분의 바이오로이드들이 기피하는 식품입니다.	A suspicious food supplement for Scathy. Most Bioroids will refuse to eat this product.
소완제 수제 도시락 EX	Sowan's Handmade Lunch Box EX
전략 폭격 장비 EX	Tactical Bombardment Gear EX
주시자의 눈 D형 OS EX	Observer's Eyes Type-D OS EX
냉각 팩 EX	Cooling Pack EX
선 크림 EX	Sunscreen EX
과거 인류가 여름에 사용하던 물품을 누군가 재현해냈습니다. 바이오로이드가 장착 시, 열기를 받으면 강해지는 기분이 들게됩니다.	Someone recreated a product mankind used to use in Summer. When a Bioroid equips it, she'll feel as if heat empowers her.
뽀끄루 대마왕의 뿔 EX	Evil Overlord Faucre's Horns EX
뽀끄루 대마왕의 힘으로 본 능력 이상으로 강해지지만, 가끔 아무 행동을 하지 않고 멍하니 있게 됩니다. 바이오로이드에게만 효과가 있습니다.	Lord Faucre's power allows whoever equips this to draw more potential than ever, but the unit may sometimes dope off as a side effect. Only works on Bioroids.
달의 마력이 담긴 송편 EX	Half-Moon Rice Cake of Lunar Magic EX
달의 마력(?)이 담긴 송편입니다. 가지고 있으면 라운드 개시 시, 무작위 강화 효과가 각각 일정 확률로 적용됩니다.	A set of half-moon rice cakes holding the Moon's magical force (?). At the start of each round, may apply random beneficial effects at a random chance.
AS-12 스틸 드라코를 지급합니다.	Given AS-12 Steel Draco
스파르탄 어썰트을 지급합니다	Given Spartan Assault
스파르탄 부머을 지급합니다	Given Spartan Boomer
대체 코어을 지급합니다	Given Proxy Core
특수 대체 코어을 지급합니다	Given Special Proxy Core
모든 적 처치	Eliminate all enemies
특정 아군 스쿼드의 전멸	Elimination of a specific squad
초급 모의 전투 훈련	Beginner Combat Simulation
초급 모의 전투 훈련 스테이지	Beginner Combat Simulation Stage
아군의 전멸	Annihilation of our troops
중급 모의 전투 훈련	Intermediate Combat Simulation
중급 모의 전투 훈련 스테이지	Intermediate Combat Simulation Stage
상급 모의 전투 훈련	Advanced Combat Simulation
상급 모의 전투 훈련 스테이지	Advanced Combat Simulation Stage
최상급 모의 전투 훈련	Expert Combat Simulation
최상급 모의 전투 훈련 스테이지	Expert Combat Simulation Stage
초급 기능 강화 훈련	Beginner Enhancement Training
초급 기능 강화 훈련 스테이지	Beginner Enhancement Training Stage
중급 기능 강화 훈련	Intermediate Enhancement Training
중급 기능 강화 훈련 스테이지	Intermediate Enhancement Training Stage
상급 기능 강화 훈련	Advanced Enhancement Training
상급 기능 강화 훈련 스테이지	Advanced Enhancement Training Stage
최상급 기능 강화 훈련	Expert Enhancement Training
최상급 기능 강화 훈련 스테이지	Expert Enhancement Training Stage
10 라운드 경과	10 Rounds Elapsed
폴른 테스트타입	Fallen Test Type
폴른 TT MK2	Fallen TT MK2
가변형 폴른	Variable Fallen
당신을 위한 여신이 도착했군요.	Your goddess has arrived.
안녕? 주인님? 아쿠아가 해충들을 없애버리러 왔어!	Hello, master? Aqua is here to remove the pests!
제 이름은... 레이시... 쉴 곳이 필요해요...	My name... Is Wraithy... I need a place to rest...
여긴 불가사리. 뭐야? 나 찾은 거 아니었어?	This is Bulgasari. What? Looking for someone else?
봉쥬르. 내가 왔어! 전부 나한테 맡겨 두라구!	Bonjour. I'm here! Leave it all to me!
캐럴	Carol
T-20S 노움	T-20S Gnome
P-29 린트블룸	P-29 Lindwurm
포트리스	Fortress
T-12 베라	T-12 Bheur
다크엘븐 포레스트레인저	DarkElven ForestRanger
나이트 칙	Night Chick
하아… 이 예쁜 애의 이름은 나이트 칙입니당. 예쁘지만 더 예쁜 폴른이를 잡아먹은 무서운 녀석들이에용. 쉬지않고 기관총을 난사하니 주의해 주세용~!   - 보고자 그렘린입니당!	Aw.... This li'l beauty is called Night Chick. It's so pretty, but it's actually a meanie who ate up Fallen, which is even prettier. It relentlessly fires machine guns, so beware~!   - Gremlin reporting in!
스패로우	Sparrow
평범한 철충이다.	An ordinary Iron Parasite.
와습	Wasp
누가 이 자식한테 이 뿔침을 달아준 거야? 물론 나처럼 빠르진 않지만 나보다 느린 애들은 전부 조심하도록 해. 제법 빠른 속도로 돌격을 하니 말이야.   - 슬레이프니르	Who the hell thought it would be a good idea to attach a horn on this guy? It may not be as fast as I am, but its charge is still quite fast, so others should be careful of it.   - Sleipnir
스토커	Stalker
철충 연결체입니다. 힘을 모아서 엄청난 한 방을 노리는 비열한 타입의 적입니다. 하지만 힘을 모으고 있는 시간은 짧으니 최대한 공격을 늦춰서 제 포를 이용해 처리하는 게 가장 좋아 보이는군요.   - 보고자 비스트 헌터	A Nexus-tier Iron Parasite. A cunning enemy whose tactic is to charge up strength and deliver devastating attacks. It cannot stay charged up for long, so I suggest delaying its attack as much as possible then taking it our with my cannon.   - Report by Beast Hunter
빅 칙	Big Chick
엄청 큰 나이트 칙이지 말임다! 하는 짓은 나이트 칙이랑 똑같은데 갑빠도 두껍고 총도 더 쎄게 쏘지 말임다. 움직이기 전에 얼른 죽여야 함다!   - 보고자 브라우니지 말임다.	It's a really huge Night Chick, sir! It does the same thing Night Chicks do, but it's got fatter armor and stronger guns, sir. We gotta kill it before it can move, sir!   - Brownie reporting in, sir.
나이트 칙 런처	Night Chick Launcher
흔히 볼 수 있는 미사일로 무장한 철충. 무조건 앞으로 돌격하는 모습이 브라우니와 비슷합니다.   - 보고자 레프리콘	A common Iron Parasite, armed with missles. The way it always charges forward somewhat resembles Brownie.   - Report by Leprechaun
나이트 칙 실더	Night Chick Shielder
이 자식들 짜증나 방패를 들고 앞을 자꾸 가로막거든? 다행히 머리가 나빠서 바로 뒤만 가로 막지만… 어쨌든 이 녀석들이 방어 자세를 취하기 전에 뒤를 정리해 두라고!   - 보고자 그리폰	These guys are annoying. They always get in the way with thier shields up. Thankfully, they're too stupid to protect anything that's not right behind them... Anyway, deal with the ones on the back before this thing can up its guard!   - Report by Griffon
나이트 칙 캐논	Night Chick Cannon
박격포로 무장한 나이트 칙인데... 별 거 아닌 폭죽이나 쏴대는 벌레야. 아, 약한 애들한텐 무서우려나?   - 메이 보고함	It's a Night Chick armed with a mortar... Nothing more than a bug spluttering lame firecrackers. Maybe it could scare weaklings, though?   - May reporting in
스카우트	Scout
저 망할 날파리들! 엄청 빨라서 잘 맞지도 않고 뭐만 하려하면 방해해서 진짜 짜증나는 녀석들이야. 백발백중인 미호가 필요해!   - 스틸 드라코	Those damn flies! They're just too quick and nimble to hit, and they won't stop getting in my way, it's sooo annoying. We'll need sharpshooters like Miho to deal with this!   - Steel Draco
하베스터	Harvester
풀아머 빅 칙	Full-Armored Big Chick
빅 칙과는 달라! 빅 칙과는! 뭐로 만든지는 몰라도 장갑이 차원이 다르니 나 같은 대 장갑 요원이 없으면 꽤나 곤란할걸?    - 불가사리 보고함	This one's no ordinary Big Chick! I dunno what it's made of, but the armor is on a whole another level, so you'll want to bring anti-armor units like me if you don't want trouble.    - Report by Bulgasari
프레데터	Predator
<교전 기록 없음>	<No battle reports available>
재퍼	Zapper
호전성이 낮은 개체예요. 건드리지만 않으면 공격하지 않으니 주의해 주세요. 고압 전류 공격을 하니까요. 설마 제가 대신 맞아서 찌릿찌릿에 눈 뜨는 걸 바라는 건 아니겠죠?   - 보고자 블랙 리리스	A rather non-aggressive enemy. It won't attack as long as we don't hit it first, but beware of its high voltage electric attacks once it's awake. You don't want me to get stung and feel the shock, do you?   - Report by Black Lilith
레기온	Legion
센츄리온	Centurion
나이트 칙 실더 개	Night Chick Shielder Mk2
트릭스터	Trickster
테스트용 나이트칙	Test NightChick
테스트용 나이트칙2	Test NightChick2
나이트 칙 디텍터	Night Chick Detector
스캐럽	Scarab
실드 하베스터	Shield Harvester
강화형 빅 칙	Advanced Big Chick
칙 스나이퍼	Chick Sniper
엄폐와 위장 능력이 좋음. 빠르게 한 방으로 처치하는 게 좋을 것 같음.   - 발키리	Has excellent cover and camouflage capabilites. Quickly taking it out with one decisive hit is recommended.   - Valkyrie
레이더	Raider
레기온 마인레이어	Legion Minelayer
표적 더미	Target Dummy
연습용으로 쓰이는 표적 나이트 칙 모형이다.	A model of Night Chick, used for practice.
빅 칙 런쳐	Big Chick Launcher
케미컬 칙	Chemical Chick
헤비 스카우트	Heavy Scout
저거너트	Juggernaut
팔랑스	Phalanx
매머드	Mammoth
언더왓쳐	Underwatcher
언더왓쳐 암	Underwatcher Arm
언더왓쳐 센서	Underwatcher Sensor
언더왓쳐 제네레이터	Underwatcher Generator
광폭화 레이더	Enraged Raider
센츄리온 치프틴	Centurion Chieftain
토터스	Tortoise
장갑이 활성화 되었을 땐 유효 피해를 주기 힘들어요! 장갑을 비활성화 시킨 후에 한 번에 해치워야 해요!   - 켈베로스	Most attacks won't be effective while the armor is active! We should deactivate its armor and take it out in one go!   - Cerberus
칙 쿼터마스터	Chick Quartermaster
스펙터	Spectre
레기온 스나이퍼	Legion Sniper
칙 엠페러	Chick Emperor
익스큐셔너	Executioner
익스큐셔너 롱 블레이드	Executioner Long Blade
익스큐셔너 실드 블레이드	Executioner Shield Blade
미사일을 발사해 {0} 피해를 줍니다. 대상이 이동 불가 또는 표식 상태면 피해량이 증가합니다.	Fire a missile that deals {0} damage. Damage is increased when the target is immovable or marked.
해충 박멸	Pest Extermination
화롯가의 포티아	Fireside Fortia
라비아타 프로토타입	Prototype Labiata
SD3M 펍 헤드	SD3M PuppHead
CT2199W 폴른	CT2199W Fallen
드론 08	Drone 08
HQ1 알바트로스	HQ1 Albatross
에이다 Type-G	Aeda Type-G
CT66 램파트	CT66 Rampart
CM67 스팅어	CM67 Stinger
K180 셀주크	K180 Seljuq
S5 기간테스	S5 Gigantes
S12 쉐이드	S12 Shade
마법소녀 매지컬 모모	Magical Girl Momo
질주하는 아탈란테	Dashing Atalanta
오드리 드림위버	Audrey Dream-weaver
S25A 스파르탄 어썰트	S25A Spartan Assault
S25B 스파르탄 부머	S25B Spartan Boomer
S25 스파르탄 캡틴	Spartan Captain
오베로니아 레아	Oberonia Rhea
세라피아스 앨리스	Seraphias Alice
안녕하세요, 주인님. 전 하늘에서 불의 비를 뿌리는 주인님의 메이드 세라피아스 앨리스예요.  전 다른 배틀메이드 자매와는 다른 형태로 태어났어요. 제 자매들은 성능이나 성격은 가지각색이라도 모두 주인을 섬기고 보호하기 위해 제조되었죠. 전투 역시 주인을 보호하고 주인을 위협하는 적들을 제압하는 데 강점을 가지고 있었고요.  하지만 전 달라요. 전 오직 지역의 제압을 위해, 전쟁을 위해 태어났으니까요. 연합 전쟁 말기, 삼안의 병력이었던 배틀 메이드들의 부족한 화력을 지원하기 위해 전 태어났고 자매들을 위해 하늘을 날아다니며 전장에 강철로 된 화염의 비를 뿌렸죠. 제 우수한 성능 때문에 전 메이드가 가져야 할 모듈은 많이 얻지 못했어요. 하지만, 전투에 대한 모듈이라면 자매들 중 누구보다도 많이 가지고 있죠.  그런 부분 때문에 라비아타 언니는 저를 복각하는 데 고민을 했었죠. 화력보다는 언젠가 올 주인님을 지킬 수 있는 메이드가 더 필요하다고 생각했으니까요. 하지만 나빠지는 상황은 결국 절 복각시키게 했고 지금 전 철충들을 괴롭히고 자매들에게 새로운 기회를 주고 있죠.  정말 제가 메이드로써 부족하냐고요? 그럴 리가요. 전 주인님이 원하는 모든 걸 할 수 있어요. 물론, 주인님의 취향이 제 깊은 곳에 간직한 욕망과 맞아야겠지만… 한 번… 알아보시겠어요?	Greetings, master. I am Serapias Alice, the maid who rains fire down from the skies.  I was born in a different manner from my sisters. While my sisters came in all kinds of different performances and personalities, their purpose was the same: to serve and protect their masters. Their feats in battle were also focused on keeping their masters safe and suppressing foes that threatened the masters' safety.  But I am different. I was born solely for area control; for war. Towards the end of the Alliance War, I was created to support the Battle Maids, Sam-An's main forces, with my superior firepower. I soared into the sky and poured rains of flaming steel down on the battlefield. Because of my superior performance, I didn't get to have a lot of modules that a maid is supposed to have, but I could carry more modules related to battle than any of my sisters.  Because of that, Labiata had to contemplate whether to restore me or not. She believed that a maid who can protect the master who will eventually show up was more important than mere firepower. However, as situations worsened, she ultimately decided to bring me back to life, and now I harass the Ironworms, giving second chances to my sisters.  Am I really disqualified as a maid? Oh, absolutely not. I can do anything master wants. Of course, if your preferences match my deepest desires kept within my heart, that is... Shall we...find it out?
CT103 포트리스	CT103 Fortress
시민 여러분, 모두 제 뒤로 대피해 주십시오.  안녕하세요. 사령관 각하. 전 도시와 군대의 안전한 보호처를 제공하는 방벽형 이동 병기 포트리스입니다.   아주 오래전 과거부터 현재까지 저는 도시의 테러리스트나 도시를 습격한 군대로부터 시민들을 지켰고, 전장에서는 아군들을 위한 든든한 방벽을 형성해 적들에게 대항했었습니다.  연합 전쟁, 대테러 전쟁 그리고 최악의 전쟁이었던 멸망 전쟁까지, 전 한 번도 동료 아군들보다 후에 쓰러져 본 적이 없었습니다.  제 헌신과 제 유용성은 그렇게 커맨더 알바트로스 모델에게까지 전해졌고 시민 여러분들의 멸망 후에도 저희는 계속 생산되어 철충들과 계속 싸울 수 있었습니다.  지금도 전 사령관 각하와 동료 AGS, 아군 바이오로이드들을 보호하기 위해 전투를 벌이고 있습니다. 전투 중의 쉼터가 필요하다면 언제든지 이용해 주시기 바랍니다.	Please take shelter behind me, citizens.  Greetings, commander. I am Fortress, a mobile pillbox-type weapon built to provide protection for cities and armies alike.  For a very long time, I protected civilians from terrorists or rogue troops who sought to assault the cities, and in the battlefield, I formed a reliable barricade for my allies to fend off enemies.  In the Alliance Wars, the war against terrorism, and even the Apocalypse War, the worst known event in human history, I never allowed my fellow soldiers to fall before me.  The tales of my dedication and usefulness eventually reached commandant Albatross, and we could continue our fight against Ironworms even after the annihilation of humanity.  Even now, I am engaging in battles to protect my fellow AGS, allied Bioroids, and you, commander. Please don't hesitate to use me whenever you need a shelter.
마의 세계에 온 걸 환영하노라! 희생양들이여.  본좌의 이름은 뽀끄루. 지구의 정복을 노리는 마의 여왕이노라. 후후. 아래에 수많은 권속과 마물을 거느리고 마계의 정점에 위치한 마왕. 혹자는 나를 사악한 밤의 여왕이나 달 없는 밤의 지배자로 부르기도 하지.  본좌는 세계 정복을 노리고 있노라. 지금은 몇몇 마법소녀들이 희망 없는 저항을 하고 있지만 글쎄? 본좌의 마의 권속이 본격적으로 이 세상에 강림하는 날에도 계속 막아낼 수는 없으리니 그녀들의 헛된 저항은 본좌에겐 그저 소꿉놀이에 불과할 뿐.  최근에 이상한 금속 생명체가 강림했다는 소식도 들었노라. 아마 본좌의 마에 이끌려 어딘가의 세계에서 온 것으로 보이지만 본좌의 장막에는 아무나 들 수 없다는 것을 그들도 잘 알아야 할 것이다. 안타깝게도 본좌는 그들의 추함에 그들에 대한 일체의 호의가 생기지 않고 있으니 말이다.  에… 그 다음은… 네? 지금 연ㄱ (D-엔터테인먼트에 의해서 검열됨)	Welcome to the realm of the evil, little lambs!  My name is Faucre, the queen of evil who seeks to conquer Earth. Fufu. I am the overlord who sits at the apex of the demon world, reigning over countless familiars and demons. Some may refer to me as the Vicious Queen of the Night, or the Ruler of Moonless Nights.  I have set my sights on world domination. For now, a number of magical girls are holding up their hopeless resistance against me, but well? They surely won't be able to stop me once my army of demons begin their advent to this realm, so the futile little exercise of those girls is merely a child's play to me.  Recent news has taught me of the arrival of some strange metallic creatures. I presume they are otherworldly beings drawn by my force of darkness, but I will have them know that not anyone can dare to enter my shroud. It is truly unfortunate for them, for I have not taken a single bit of liking to their unsightliness.  Eh... And the next line is... What? We're in the play right no- (Redacted by D-Entertainment)
마법소녀 매지컬 백토	Magical Girl BaekTo
T-12 칼리아흐 베라	T-12 Cailleach Bheur
다크엘븐 포레스트레인져	DarkElven Forest Ranger
내 소개? 이름은 다크 엘븐 포레스트 레인저. ‘삼림자원 관리용 엘프형 바이오 로이드’라고 하면 이해가 빠르려나?  보다시피, 난 엘븐과 같은 ‘포레스트’ 시리즈로 태어났어. 엘븐과 나는 같은 엘프형 바이오 로이드지만, 하는 일은 서로 조금 달랐지. 엘븐은 주로 숲을 가꾸는 일을 하고, 난 엘븐이 가꾼 숲을 ‘관리’하는 역할을 맡고 있었대. ‘관리’라고 해봐야, 주로 하는 일은 인간님들이 애용하던 캠핑이나, 레크리에이션을 돕는 정도였을 테지.  우릴 보면 알겠지만, PECS는 산림에 정말 관심이 많았어. 물론 기업의 이미지메이킹이다, 자원 독점욕이다... 말도 많았지만, 솔직히 전쟁 때문에 주정부까지 손을 놓아버린 상태에서 우리 말고 누가 숲을 재건할 수 있었겠어? 그렇게 떠들 시간 있으면, 숲에 나무라도 한그루 더 심는 게 서로에게 훨씬 도움이 됐을 텐데 말이야. 뭐... 생각해보면 결국엔 세상이 멸망해 버릴 테니... 그것도 부질없는 짓이었겠네…  아무튼 멸망 이후에 복원된 우리들은, 여기저기서 철충들과 맞서 싸우고 있어. 이 샷건은 철충에게도 제법 잘 들어서 호신 정도는 가뿐하게... 응? 어째서 산림자원 관리를 하는데 샷건이 필요했냐고? 그건… PECS에 문의해 보는 게 더 빠르지 않을까?	Me? Name's Dark Elven Forest Ranger. I'm an 'Elf-type Bioroid for Forest Resources Management', to put it simply.  As you can see, I was born as part of the "Forest" series, just like Elven. Elven and I are both Elf-type Bioroids, but our occupations were slightly different. Elven was mostly in charge of forestation, while I 'managed' the forests she grew. A lot of the 'management' was just helping out humans with camping and recreational activities, though.  PECS was, like, really interested in the whole forestation stuff, seeing how they created us and all that. Of course, not everyone was happy with it. People would make a huge fuss about it, clamoring that it's a typical corporate ad campaign, an attempt to hog the resources for themselves, or whatever... Let's be real, though; who else could be there to take care of the forests destroyed by war, when even the governments have given up on them? Those complainers could have planted trees themselves if they really cared so much about nature. Well, come to think of it, the whole world did fail eventually... so I guess it wouldn't have made much difference, either...  Anyway, once we were revived after the annihilation, we're now fighting Ironworms here and there. This shotgun works pretty well against Ironworms, I can easily defend myself w... Hmm? Why did a forest ranger need a shotgun, you ask? That's... you should probably ask PECS about it.
구역 순찰	Zone Patrol
증식 억제	Suppress Propagation
철충 50기 파괴	Destroy 50 Iron Parasites
새로운 전력 확보	Secure New Power
바이오로이드 3기 제작	Build 3 Bioroids
전투 장비 보급	Supply Battle Equipment
장비 5개 제작	Build 5 pieces of equipment
실종 대원 탐색	Searching for Missing Crew
바이오로이드 타입 전투원 10기 획득	Obtain 10 Bioroids Units
물자 확보	Securing Supplies
전투원 점검	Combatant Inspection
전투원 3회 강화	Enhance unit 3 times
장비 점검	Equipment Inspection
장비 3회 강화	Enhance equipment 3 times
상시 훈련	Regular Training
일일 훈련 완료	Daily training completed
잠재적 위협 제거	Eliminate Potential Threats
보스 타입 철충 3기 파괴	Destroy 3 Boss Iron Parasites
오늘 저녁은 치킨?	Chicken for Dinner?
나이트 칙 계통의 철충 30기 파괴	Destroy 30 Night Chick Iron Parasites
해로운 기계	Harmful Machines
경장형 철충 25기 파괴	Destroy 25 Light Iron Parasites
고철 수집	Scrap Metal Collection
중장형 철충 10기 파괴	Destroy 10 Heavy Iron Parasites
귀찮은 날파리들	Annoying Flies
기동형 철충 15기 파괴	Destroy 15 Flying Iron Parasites
창고 정리	Clearing the Warehouse
구역 순회	Tour of the Zone
싹 잘라놓기	Cut Their Roots
철충 200기 파괴	Destroy 200 Iron Parasites
부대 전력 강화	Troop Reinforcement
바이오로이드 20기 제작	Build 20 Bioroids
예비 장비 확보	Spare Equipment
장비 20개 제작	Build 20 pieces of equipment
놀 틈은 없다	No Time to Slack Around
집중 훈련 주간	Intensive Training Week
일일 훈련 10회 완료	Complete 10 daily stages
머리 제거하기	Take Out Their Heads
보스 타입 철충 15기 파괴	Destroy 15 Boss Iron Parasites
지상 제압	Ground Suppression
경장형 철충 150기 파괴	Destroy 150 light Iron Parasites
거점 제압	Stronghold
중장형 철충 50기 파괴	Destroy 50 Heavy Iron Parasites
공중 제압	Air Suppression
기동형 철충 100기 파괴	Destroy 100 flying Iron Parasites
모듈 분리 작업	Module Removal Tasks
재활용 작업	Recycling Work
집중 육성 기간	Intensive Training Period
전투원 레벨 업 50회	Level up 50 units
전력 재 정비	Electric Power Maintenance
전투원 수복 15회	Restore 15 units
구역 점령	Zone Occupation
미탐사 구역 확보	Secure Unexplored Areas
철충 500기 파괴	Destroy 500 Iron Parasites
주 7일 근무제	7-Day Work Week
끝나지 않는 특훈	Endless Special Training
일일 훈련 30회 완료	Complete 30 daily stages
더 이상 적수는 없다	Unmatched by Anyone
보스 타입 철충 30기 파괴	Destroy 30 Boss Iron Parasites
주력 부대 섬멸	Annihilate Main Forces
경장형 철충 300기 파괴	Destroy 300 light Iron Parasites
장갑 부대 섬멸	Annihilate Armored Forces
중장형 철충 100기 파괴	Destroy 100 heavy Iron Parasites
기동 부대 섬멸	Annihilate Mobile Forces
기동형 철충 200기 파괴	Destroy 200 flying Iron Parasites
난민 보호소	Refugee Shelter
바이오로이드 전투원 100기 획득	Acquire 100 Bioroid units
정예 병력 육성	Elite Troop Training
전투원 레벨 업 100회	Level up units 100 times
다시 전장으로	Back to the battlefield
전투원 수복 30회	Restore 30 units
인간 세상의 끝	The end of the human world
투자는 아낌없이	Investment generously
든든한 한끼?	A Hearty Meal?
이번 달 전기비는…	This Month's Electricity Bill is...
여정의 시작	The Journey Begins
너, 내 동료가 되라	You, be my colleague!
처음 바이오로이드를 제작	Build your first Bioroid
널 만나고 싶어	I Want to Meet You
백번째 당첨 손님	The 100th Guest
한 번만 더 만들면 나온다	Just One More Try
보고 또 보고	Familiar Faces
너의 제조식은…	Your Resource Table
만들기 시작해서 그냥 많이 만들었습니다	...And They Just Make a Lot of Them
십만 바이오로이드 양병	An Army of 100,000
신상품 입고	New Goods in Stock
처음 장비를 제작	Build your first equipment
도구는 많을수록 좋다	The More Tools, The Better
가내수공업	Cottage Industry
전쟁은 장비 승부	Arms Race
군비 확충	Armament Expansion
대량 생산 체제	Mass Production System
장비를 정지합니다	It's Not Shutting Down
당신의 자원은 안녕하십니까	Are Your Resources Okay?
기동 준비 완료	Ready to Roll
처음 로봇을 제작	Build your first AGS
안녕하십니까 휴먼	Greetings Human
합체 시퀀스	Combination Sequence
로봇 전시장	Robotics Exhibition
유기물보단 무기물	Metal Over Flesh
강철의 구세주	Full Metal Savior
오늘의 바이오로이드는…!	And the Bioroid of the Day is...!
SS등급 전투원 제작	Build your first SS unit
엘리트 스쿼드	Elite Squad
SS등급 전투원 5기 제작	Build 5 SS units
의외로 자주보이는	Not as Rare as I Though
SS등급 전투원 20기 제작	Build 20 SS units
보급이 걱정되는 시점	Might Want to Save Those Supplies
SS등급 전투원 100기 제작	Build 100 SS units
소집 해제	An Honorable Discharge
정리 기간	Clearance Period
실업대란	Mass Unemployement
어디로 가는 걸까	Where Do They Go Anyway
여기 있는 모듈 다 내꺼야	All Your Modules Are Belong to Us
눈물을 머금고..	Holding Back Tears...
그들은 내 안에 살아있어	They'll Live On Inside My Heart
어서 가, 사령관	Go, Commander
쓸모 없는 물건	Useless Stuff
악성 재고 처리	Handling Bad Stock
바겐세일	Bargain Sale
쓸만한 게 나올때까지	Till I Get Something Useful
천회돌파	Thousand Scraps
깡-깡-깡	Hammer to Fall
갈린 장비 수를 기억하는가…	How Many Equips Have You Scrapped?
빚이 되어라!	Let There Be Scraps
근무자 명단	Staff Roster
바이오로이드 출석부	Bioroid Roll Book
전투원하지 않으시겠습니까	Wanna be a Combatant?
명함 콜렉터	Business Card Collector
가전제품 카탈로그	Home Electronics Catalogue
안전주의	Safety First
공격은 최선의 방어	Offense is The Best Defense
날카로운 창	The Sharpest Spear
아픈건 싫어	Don't Wanna Get Hurt
방어의 정석	The Textbook Defense
더 단단하게	Harder and Harder
괜찮아, 튕겨냈다	No Worries, I Deflected It
독수리의 눈	Eagle Eyes
에임 핵	Aim Hax
빠른 반응	Quick Reflexes
유연한 몸놀림	Flexible Moves
식스 센스	The Sixth Sense
안 맞으면 그만	Just Don't Get Hit
내게도 적이 보인다	I Can See Their Every Move
도박사	Gambler
불의의 일격	Unexpected Strike
운도 실력이야	Luck is Part of Skill
치명적인 매력	Critical Charm
그만 따라와!	Stop Stalking Me!
포식자의 최후	Predator Becomes Prey
약오르는 녀석	Tricky Fellow
소음공해 해결	Noise Pollution
깊은 곳의 공포	Horror in the Depths
원 펀치	One Punch
전투원 스킬 10 레벨 달성	Earned 10 Unit levels
전투원 Lv.100 달성	Achieved Unit Lv.100
듀얼 코어	Dual Core
전투원에 코어 링크 장착	Install one Core Link to Units
쿼드 코어	Quad Core
헥사 코어	Hexa Core
옥타 코어	Octa Core
헥사데카 코어	Hexadeca Core
처형된 처형자	Execute the Executioner
함내 기반 시설	Base Infrastructure
연구를 위한 함내 기반 시설을 활성화합니다.	Activate base infrastructure research
각종 시설 및 시스템 연구 진행 가능	Various facilities and systems research can be conducted
함내 자원 재활용 시설을 개량해 자원 생산 효율을 올립니다.	Improve resource recycling facilities to increase resource production efficiency.
정밀 레이더 시스템	Precision Radar Systems
함내에 감지용 정밀 레이더 시스템을 구축합니다.	Build a precision radar system for detection within the base.
각종 AI 제어가 필요한 시설 및 시스템 연구 진행 가능	Permits research on facilities and systems that require various AI control
로봇 제작 설비	Robot Engineering Facility
함내에 로봇 연구실과 제작 시설을 구축합니다.	Build robot labs and manufacturing facilities within the base.
로봇 연구와 제작 가능	Robots can be researched and produced
중장비 제작 설비	Heavy Equipment Manufacturing Facility
바이오로이드 제작용 특수 시설을 구축합니다.	Build special facilities for making Bioroids.
바이오로이드 특수 제작 가능	Bioroid Special Builds possible
수복 시설을 개량해, 소모 자원을 줄입니다.	Improve repair facilities and reduce resources costs.
공방의 분해 시설을 개량하기 위한 연구를 진행합니다.	Research improvements to the disassembly facilities of the workshop.
함내 모의 전투 시뮬레이터 설비를 구축합니다.	Build Combat Simulation facilities in the base.
일일 훈련 가능	Makes Daily Training available.
모의 전투 시뮬레이터의 성능 개량을 위한 연구를 진행합니다.	Research performance improvements to the Combat Simulation system.
중급 일일 훈련 가능	Intermediate Daily Training available
상급 일일 훈련 가능	Advanced Daily Training available
최상급 일일 훈련 가능	Expert Daily Training available
지휘 대행 시스템	Command Agency System
사령관을 대신해 전투원들에게 명령을 내릴 수 있는 시스템을 구축합니다.	Build a system to command your combatants on the Commander's behalf.
자율 전투 기능 사용 가능	AutoBattle Feature is available
자원 탐사 구역에 파견할 운송용 드론 통제 설비를 구축합니다.	Establish a drone control facility for transportation to the Exploration areas.
운송용 드론의 탑재량을 늘리는 연구를 진행합니다.	Research to increase transport drone payload.
탐사 구역을 세밀하게 분석하기 위한 시설을 구축합니다.	Build facilities to further analyze the Exploration areas.
탐사 구역 분석 시설을 개량하기 위한 연구를 진행합니다.	Research to improve exploration area analysis facility.
로보틱스 프레임	Robotics Frame
로봇의 기본 프레임과 유기물 중추 회로 설치 방법을 연구합니다.	Research the basic frame of robots and how to install the organic central circuit.
로보틱스 프레임 기술 해금	Unlock robotics frame technology
충격 완화 장치	Shock Absorbers
본체에 받는 충격을 완화시키는 장치를 연구합니다.	Research devices to relieve shock to body.
충격 완화 장치 기술 해금	Unlock shock absorber technology
고탄력 로봇 프레임	High Flexibility Robot Frame
탄력이 높은 프레임의 제조 방법을 연구합니다.	Research how to make a frame with high flexibility.
고탄력 로봇 프레임 기술 해금	Unlock high flexibility robot frame technology
강화 로봇 프레임	Enhanced Robot Frame
강도가 더 높은 프레임의 제조 방법을 연구합니다.	Research how to make robot frames of greater strength.
강화 로봇 프레임 기술 해금	Unlock enhanced robot frame technology
중장갑 프레임	Heavy Armor Frame
로봇에게 장착할 견고한 장갑 프레임을 연구합니다.	Research a heavy armor frame for the robot.
중장갑 프레임 기술 해금	Unlock heavy armor frame technology
대형 로봇 프레임	Large Robot Frame
대형 로봇용 프레임을 연구합니다.	Research frames for large robots.
대형 로봇 프레임 기술 해금	Unlock large robot frame technology
에너지 응축기	Energy Condenser
에너지를 응축해 더 높은 출력을 낼 수 있는 장치를 연구합니다.	Research devices that can condense energy and produce higher output.
에너지 응축기 기술 해금	Unlock energy condenser technology
입자 가속 장치	Particle Accelerator
로봇에게 장착할 입자 가속 장치를 연구합니다.	Research robot-mounted particle accelerators.
입자 가속 장치 기술 해금	Unlock particle accelerator technology
대용량 제네레이터	High-Capacity Generator
출력이 높은 로봇용 제네레이터를 연구합니다.	Research on generators for robots with high output
대용량 제네레이터 기술 해금	Unlock the high-capacity generator technology
부스터 시스템	Booster System
공중에서 빠르게 기동할 수 있는 장치를 연구합니다.	Research devices that can maneuver quickly in midair.
부스터 시스템 기술 해금	Unlock booster system technology
공중 제어 장치	Air Control
로봇을 공중에 띄울 수 있도록 공중 자세 제어 장치를 연구합니다.	Research air attitude control devices to keep the robot in the air.
공중 제어 장치 기술 해금	Unlock air control technology
다중 부스터 제어 장치	Multi-Booster Control Unit
다수의 부스터를 제어하기 위한 장치를 연구합니다.	Research devices for controlling multiple boosters.
다중 부스터 제어 장치 기술 해금	Unlock multi-booster control technology
화기 집중 제어 시스템	Firearms Focus Control System
화기를 효율적으로 제어할 수 있는 시스템을 연구합니다.	Research systems that can effectively control firearms.
화기 집중 제어 시스템 기술 해금	Unlock firearm focus control system technology
중화기 제어 시스템	Heavy Weapons Control System
중화기를 제어할 수 있는 시스템을 연구합니다.	Research systems that can control heavy weapons.
중화기 제어 시스템 기술 해금	Unlock heavy weapons control system technology
커뮤니케이션 모듈	Communication Module
로봇과 바이오로이드 간 소통을 원활하게하기 위한 장치를 연구합니다.	Research devices to facilitate communication between robots and Bioroids.
커뮤니케이션 모듈 기술 해금	Unlock communication module technology
대상 분석 시스템	Target Analysis System
적을 분석할 수 있는 시스템을 연구합니다.	Research a system that can analyze enemies.
대상 분석 시스템 기술 해금	Unlock target analysis system technology
대상 보호 모듈	Target Protection Module
보호 대상을 설정할 수 있는 모듈을 연구합니다.	Rsearch modules that allow you to set up protection targets.
대상 보호 모듈 기술 해금	Unlock target protection module
고성능 시뮬레이터	High Performance Simulator
많은 정보를 빠르게 분석하고 처리할 수 있는 시스템을 연구합니다.	Research systems that can analyze and process a lot of information quickly.
고성능 시뮬레이터 기술 해금	Unlock high performance simulator technology
개량형 전술 제어 시스템	Enhanced Tactical Control System
로봇이 더 전술적으로 행동할 수 있도록 시스템을 개량합니다.	Modifies the system to allow the robot to behave more tactically.
개량형 전술 제어 시스템 기술 해금	Unlock advanced tactical control system technology
AGS 지휘 시스템	AGS Command System
AGS를 지휘할 수 있는 네트워크 시스템을 연구합니다.	Study network systems capable of conducting AGS.
AGS 지휘 시스템 기술 해금	Unlock AGS command system technology
에너지 컨버터	Energy Converter
외부 에너지를 동력으로 변환할 수 있는 장치를 연구합니다.	Research devices that can convert external energy into power.
에너지 컨버터 기술 해금	Unlock energy converter technology
고출력 부스터	High-Power Boosters
출력이 높은 로봇용 부스터를 연구합니다.	Research robotic boosters with high output.
고출력 부스터 기술 해금	High-power booster technology unlocked
전투원 대기실 10칸 확장	10-slot Lobby Expansion
장비 창고 20칸 확장	20-slot Warehouse Expansion
전투원 제조 시설 1칸 확장	1-slot Unit Workshop Expansion
전투원 제조 슬롯이 1칸 확장됩니다.	The unit workshop will be expanded by 1 slot.
장비 제조 시설 1칸 확장	1-slot Gear Workshop Expansion
장비 제조 슬롯이 1칸 확장됩니다.	The gear workshop will be expanded by 1 slot.
스쿼드 출격 포드 1칸 확장	1-slot Squad Slot Expansion
스쿼드 배치 슬롯이 1칸 확장됩니다.	Squad allowance expanded by 1 slot.
수복실 1칸 확장	1-slot Recovery Room Expansion
수복실 슬롯이 1칸 확장됩니다.	The recovery room is expanded by 1 slot.
멸망 전의 유산	Pre-Disaster Legacy
AG-1 네레이드를 영입합니다	Recruit AG-1 Nereid
P/A-00 그리폰을 영입합니다	Recruit P/A-00 Griffon
콘스탄챠 S2를 영입합니다	Recruit Constantia S2
프레스터 요안나를 영입합니다	Recruit Prester Johanna
펍 헤드를 영입합니다	Recruit PuppHead
폴른을 영입합니다	Recruit Fallen
에이미 레이저를 영입합니다	Recruit Amy the Razor
코코 인 화이트셸을 영입합니다	Recruit CoCo & WhiteShell
불굴의 마리를 영입합니다	Recruit Indomitable Marie
드론을 영입합니다	Recruit Drone
LRL을 영입합니다	Recruit LRL
미스세이프티를 영입합니다	Recruit Ms.Safety
T2 브라우니를 영입합니다	Recruit T2 Brownie
마이티R을 영입합니다	Recruit MightyR
더치걸을 영입합니다	Recruit DutchGirl
다프네를 영입합니다	Recruit Daphne
알바트로스를 영입합니다	Recruit Albatross
토미 워커를 영입합니다	Recruit TommyWalker
포츈을 영입합니다	Recruit Fortune
T-3 레프리콘을 영입합니다	Recruit T-3 Leprechaun
포티아를 영입합니다	Recruit Fortia
시저스 리제를 영입합니다	Recruit Scissors Lise
P-24 핀토를 영입합니다	Recruit P-24 Pinto
CS 페로를 영입합니다	Recruit CS Perrault
티에치엔을 영입합니다	Recruit Tiequan
AT-100 비스트헌터를 영입합니다	Recruit AT-100 BeastHunter
M-5 이프리트를 영입합니다	Recruit M-5 Efreeti
에이다를 영입합니다	Recruit Aeda
AA-7 임펫을 영입합니다	Recruit AA-7 Impet
T-8W 발키리를 영입합니다	Recruit T-8W Valkyrie
토모를 영입합니다	Recruit Tomo
라비아타를 영입합니다	Recruit Labiata
A-6 이오를 영입합니다	Recruit A-6 Io
GS-10 샌드걸을 영입합니다	Recruit GS-10 SandGirl
T-10 님프를 영입합니다	Recruit T-10 Nymph
T-9 그렘린을 영입합니다	Recruit T-9 Gremlin
바닐라 A1을 영입합니다	Recruit Vanilla A1
A-1 블러디 팬서를 영입합니다	Recruit A-1 Bloody Panther
램파트를 영입합니다	Recruit Rampart
멸망의 메이를 영입합니다	Recruit Destruction May
켈베로스를 영입합니다	Recruit Cerberus
B-11 나이트 앤젤을 영입합니다	Recruit B-11 NightAngel
X-05 에밀리를 영입합니다	Recruit X-05 Emily
철혈의 레오나를 영입합니다	Recruit Bloodstained Leona
신속의 칸을 영입합니다	Recruit Swift Khan
AT-4 파니를 영입합니다	Recruit AT-4 Pani
프로스트 서펀트를 영입합니다	Recruit Frost Serpent
P-18 실피드를 영입합니다	Recruit P-18 Sylphid
스카디를 영입합니다	Recruit Scathy
AL 팬텀을 영입합니다	Recruit AL Phantom
블랙 리리스를 영입합니다	Recruit BlackLilith
공진의 알렉산드라를 영입합니다	Recruit Resonant Alexandra
P-49 슬레이프니르를 영입합니다	Recruit P-49 Sleipnir
네오딤을 영입합니다	Recruit Neodym
익스프레스 76을 영입합니다	Recruit Express76
성벽의 하치코를 영입합니다	Recruit Wall Hachiko
P-2000 지니야를 영입합니다	Recruit P-2000 Djinnia
P/A-8 블랙 하운드를 영입합니다	Recruit P/A-8 Blackhound
닥터를 영입합니다	Recruit Doctor
T-50 PX 실키를 영입합니다	Recruit T-50 PX Silky
스팅어를 영입합니다	Recruit Stinger
T-14 미호를 영입합니다	Recruit T-14 Miho
A-54 칼리스타를 영입합니다	Recruit A-54 Calista
기간테스를 영입합니다	Recruit Gigantes
셀주크을 영입합니다	Recruit Seljuq
37식 다이카를 영입합니다	Recruit Type37 Daika
아쿠아를 영입합니다	Recruit Aqua
레이시를 영입합니다	Recruit Wraithy
T-60 불가사리를 영입합니다	Recruit T-60 Bulgasari
퀵 카멜을 영입합니다	Recruit Quick Camel
T-75 워울프를 영입합니다	Recruit T-75 Werewolf
쉐이드를 영입합니다	Recruit Shade
매지컬 모모를 영입합니다	Recruit Magical MoMo
아탈란테를 영입합니다	Recruit Atalanta
GS-130 피닉스를 영입합니다	Recruit GS-130 Phoenix
P-3M 운디네를 영입합니다	Recruit P-3M Undine
캐럴라이나를 영입합니다	Recruit Carolina
랜서 미나를 영입합니다	Recruit Lancer Mina
오드리를 영입합니다	Recruit Audrey
T-20S 노움을 영입합니다	Recruit T-20S Gnome
소완을 영입합니다	Recruit Sowan
엘븐 포레스트메이커를 영입합니다	Recruit Elven ForestMaker
커넥터 유미를 영입합니다	Recruit Connector Yumi
샬럿을 영입합니다	Recruit Charlotte
A-14B 스프리건을 영입합니다	Recruit A-14B Spriggan
AG-2C 세이렌을 영입합니다	Recruit AG-2C Sirene
아자젤을 영입합니다	Recruit Azazel
트리아이나를 영입합니다.	Recruit Triana
레아를 영입합니다.	Recruit Rhea
이그니스를 영입합니다.	Recruit Ignis
엠프리스를 영입합니다.	Recruit Empress
앨리스를 영입합니다.	Recruit Alice
매지컬 백토을 영입합니다.	Recruit Magical BaekTo
뽀끄루 대마왕을 영입합니다.	Recruit Evil Overlord Faucre
스틸 라인	Steel Line
시스터즈 오브 발할라	Sisters of Walhalla
둠 브링어	Doom Bringers
배틀 메이드 프로젝트	Project Battle Maids
골든 워커즈	Golden Walkers
시티 가드	City Guard
퍼블릭 서번트	Public Servant
080팀	Agency 080
몽구스 팀	Team Mongoose
아머드 메이든	Armored Maiden
오비탈 와쳐	Orbital Watcher
AGS 로보테크	AGS Robotech
페어리 시리즈	Fairy Series
AA 캐노니어	AA Cannonier
컴패니언 시리즈	Companion Series
애니웨어 시리즈	Anywhere Series
스카이 나이츠	Sky Knights
D-엔터테인먼트	D-Entertainment
호라이즌	Horizon
앵거 오브 호드	Anger of Horde
버뮤다 팀	Bermuda Team
스틸 라인 지원부대	Steel Line Support Units
스트라이커	Zu Strikers
AGS 스파르탄즈	AGS Spartans
퍼블릭 서번트 II	Public Servant II
와처 오브 네이쳐	Watcher of Nature
AGS 로보테크 II	AGS Robotech II
D-엔터테인먼트 II	D-Entertainment II
D-엔터 빌런즈	D-Enter Billions
시스터즈 오브 발할라 II	Sisters of Walhalla II
T-13 알비스	T-13 Alvis
T-13 알비스을 지급합니다	Given T-13 Alvis
AO-2 레이븐	AO-2 Raven
AO-2 레이븐을 지급합니다	Given AO-2 Raven
T-12 베라을 지급합니다	Given T-12 Bheur
다크엘븐 포레스트레인저을 지급합니다	Given DarkElven ForestRanger
T-13 알비스를 영입합니다.	Recruit T-13 Alvis
AO-2 레이븐을 영입합니다.	Recruit AO-2 Raven
(연구) 현장 지휘 모듈_스테이지 클리어	(Research) Field Command System_Stage Clear
(연구) 현장 지휘 모듈_지휘 숙련도 달성	(Research) Field Command System_Attain Commander Level
(연구) AGS 제작 설비_로봇 획득	(Research) AGS Production Facility_Obtain Robots
(연구) 특수 제작_바이오로이드 제작	(Research) Special Production_Bioroid Production
(연구) 특수 제작_S등급바이오로이드 제작	(Research) Special Production_S-Class Bioroid Production
(연구) 특수 제작_중장형 획득	(Research) Special Production_Heavy-type
(연구) 함내 기반 시설_1-3클리어	(Research) Base Infrastructure_1-3 Clear
함내 사령실 활성화	Activate Command Room
대 테러 외장 장갑 : 화염 저항+{0}%	Counter-terrorism Armor Plating: Fire Resist +{0}
대 테러 외장 장갑 : 냉기 저항+{0}%	Counter-terrorism Armor Plating: Ice Resist +{0}
대 테러 외장 장갑 : 전기 저항+{0}%	Counter-terrorism Armor Plating: Electric Resist +{0}
대 테러 외장 장갑 : 받는 피해 {0}% 감소	Counter-terrorism Armor Plating: Reduce Damage Taken by {0}%
열화 우라늄탄 : 방어 관통+{0}%	Depleted Uranium Rounds: Defense Penetration +{0}%
스페이스 부스터 : 회피 감소 무효	Space Booster: Nullify Evasion Reduction
우주용 부스터 : 회피 감소 무효	Cosmic Booster: Nullify Evasion Reduction
LM탄 : 대 경장 피해량+{0}%	LM Ammo: Anti-Light Attack Lv.`
수상한 보조제 : 피해 감소 / 사거리 증가	Suspicious Supplement: Reduced Damage / Increased Range
수상한 보조제 : 받는 피해 {0}% 감소	Suspicious Supplement: Reduces Damage Taken by {0}%
수상한 보조제 : 사거리+{0}	Suspicious Supplement: Range +{0}
AMRAAM : 대 기동 피해량+{0}%	AMRAAM Pod: Damage Against Flying +{0}%
AMRAAM : 방어 관통+{0}%	AMRAAM Pod: Defense Penetration +{0}%
AMRAAM : 사거리+{0}	AMRAAM Pod: Range +{0}
특수 코팅 라이플탄 : 방어 관통+{0}%	Special Rifle Ammo Coating: Defense Penetration +{0}%
스테이지 클리어	Stage Clear
그리폰을 스쿼드에 포함해 클리어	Clear with Griffon in the squad
그리폰이 생존한 채로 클리어	Clear with Griffon alive
LRL로 스토커를 처치 후 클리어	Clear after eliminating Stalker with LRL
프레데터가 부식 용액을 쓴 적 없이 클리어	Clear without letting Predator use its acid
피격 횟수 없이 클리어	Clear without taking a hit
전투 불능 캐릭터 없이 클리어	Clear without a unit becoming incapacitated
7 라운드 내에 빅 칙을 처치한 상태로 클리어	Clear while defeating Big Chick within 7 rounds
2 라운드 내에 적을 2기 이상 처치한 상태로 클리어	Clear while defeating 2 enemies within 2 rounds
3 라운드 내에 적을 4기 이상 처치한 상태로 클리어	Clear while defeating 4 enemies within 3 rounds
4 라운드 내에 적을 5기 이상 처치한 상태로 클리어	Clear while defeating 5 enemies within 4 rounds
2 라운드 내에 적을 4기 이상 처치한 상태로 클리어	Clear while defeating 4 enemies within 2 rounds
10 라운드 내에 적을 18기 이상 처치한 상태로 클리어	Clear while defeating 18 enemies within 10 rounds
1 라운드 내에 적을 8기 이상 처치한 상태로 클리어	Clear while defeating 8 enemies within 1 round
3 라운드 내에 적을 5기 이상 처치한 상태로 클리어	Clear while defeating 5 enemies within 3 rounds
3 라운드 내에 적을 7기 이상 처치한 상태로 클리어	Clear while defeating 7 enemies within 3 rounds
2 라운드 내에 적을 7기 이상 처치한 상태로 클리어	Clear while defeating 7 enemies within 2 rounds
1 라운드 내에 적을 3기 이상 처치한 상태로 클리어	Clear while defeating 3 enemies within 1 round
2 라운드 내에 적을 6기 이상 처치한 상태로 클리어	Clear while defeating 6 enemies within 2 rounds
3 라운드 내에 적을 6기 이상 처치한 상태로 클리어	Clear while defeating 6 enemies within 3 rounds
10 라운드 내에 적을 12기 이상 처치하고 클리어	Defeat 12 or more enemies within 10 rounds, and clear.
스카우트가 공격한 적 없이 클리어	Clear without having the Scout attack you
하베스터가 폐기물 분쇄를 쓴 적 없이 클리어	Clear without having Harvester use Waste Crush
폴른으로 풀아머 빅 칙 처치 후 클리어	Clear after eliminating the Full-Armored Big Chick with Fallen
하나의 스쿼드만 배치해 클리어	Clear with only one squad selected
CS페로로 트릭스터를 처치 후 클리어	Clear after eliminating Trickster with CS Perrault
칙 스나이퍼가 정조준 저격을 쓴 적 없이 클리어	Clear without having the Sniper Chock use Aimed Shot
두 개 이하의 스쿼드만으로 클리어	Clear with no more than two squads
경장형을 편성하지 않고 클리어	Clear without sending any light units
시작형 빅 칙이 영거리 중 기관포를 쓴 적 없이 클리어	Clear without having Proto Big Chick use Point-Blank Machine Gun
하베스터가 폐기물 수거를 쓴 적 없이 클리어	Clear without having Harvester use Waste Collection
매머드의 직사 포격이 발동한 적 없이 클리어	Clear without taking a direct hit from Mammoth
10 라운드 내에 빅 칙 런쳐를 처치한 상태로 클리어	Clear after defeating Big Chick Launcher within 10 rounds
스쿼드를 교체한 적 없이 클리어	Clear without changing squads
재퍼가 전격 방사를 쓴 적 없이 클리어	Clear without having Zapper use Lightning Emission
램파트로 센츄리온을 처치 후 클리어	Clear after eliminating Centurion with Rampart
9 라운드 내에 스토커를 처치한 상태로 클리어	Clear after defeating Stalker within 9 rounds
중장형을 편성하지 않고 클리어	Clear without sending a heavy unit
양산형 셀주크가 175mm 직사포를 쓴 적 없이 클리어	Clear without having the enemy Mass-Production Seljuq use 175mm Direct Fire
트릭스터가 광란의 학살을 쓴 적 없이 클리어	Clear without having Trickster use Frenzy Massacre
기동형을 편성하지 않고 클리어	Clear without sending flying units
헤비 스카우트가 대 장갑 기관포를 쓴 적 없이 클리어	Clear without having Heavy Scout use Anti-Armor Machine Gun
불굴의 마리를 편성 후, 그녀가 생존한 채로 클리어	Clear using Indomitable Marie and having her survive
LRL을 편성 후, 그녀가 생존한 채로 클리어	Clear using LRL and having her survive
토모를 편성 후, 그녀가 생존한 채로 클리어	Clear using Tomo and having her survive
공진의 알렉산드라를 편성 후, 그녀가 생존한 채로 클리어	Clear using Resonant Alexandra and having her survive
시저스 리제를 편성 후, 그녀가 생존한 채로 클리어	Clear using Scissors Lise and having her survive
다프네를 편성 후, 그녀가 생존한 채로 클리어	Clear using Daphne and having her survive
T-2 브라우니를 편성 후, 그녀가 생존한 채로 클리어	Clear using T-2 Brownie and having her survive
T-3 레프리콘을 편성 후, 그녀가 생존한 채로 클리어	Clear using T-3 Leprechaun and having her survive
M-5 이프리트를 편성 후, 그녀가 생존한 채로 클리어	Clear using M-5 Efreeti and having her survive
램파트를 편성 후, 생존한 채로 클리어	Clear using Rampart and having her survive
콘스탄챠 S2를 편성 후, 그녀가 생존한 채로 클리어	Clear using Constantia S2 and having her survive
에이미 레이저를 편성 후, 그녀가 생존한 채로 클리어	Clear using Amy the Razor and having her survive
블랙 리리스를 편성 후, 그녀가 생존한 채로 클리어	Clear using BlackLillith and having her survive
소완을 편성 후, 그녀가 생존한 채로 클리어	Clear using Sowan and having her survive
시작형 빅 칙	Proto Big Chick
아쿠아 모듈 : 공격력+{0}% (침수 시)	Aqua Module: Attack +{0} (when wet)
아쿠아 모듈 : 방어력+{0}% (침수 시)	Aqua Module: Defense +{0} (when wet)
아쿠아 모듈 : 적중+{0}% (침수 시)	Aqua Module: Accuracy +{0} (when wet)
아쿠아 모듈 : 회피+{0}% (침수 시)	Aqua Module: Evasion +{0} (when wet)
아쿠아 모듈 : 행동력+{0}% (침수 시)	Aqua Module: Action Speed +{0} (when wet)
전황 분석 OS : 공격력+{0}% (정찰 시)	Battlefield Analysis OS: Attack +{0} (when scouting)
전황 분석 OS : 치명타+{0}% (정찰 시)	Battlefield Analysis OS: Crit Chance +{0} (when scouting)
전황 분석 OS : 적중+{0}% (정찰 시)	Battlefield Analysis OS: Accuracy +{0} (when scouting)
전황 분석 OS : 회피+{0}% (정찰 시)	Battlefield Analysis OS: Evasion +{0} (when scouting)
전황 분석 OS : 행동력+{0}% (정찰 시)	Battlefield Analysis OS: Action Speed +{0} (when scouting)
여름의 열기 : 공격력+{0}% (바이오)	Summer Heat: Attack +{0} (Bio)
치명적 매력 : 치명타+{0}% (바이오)	Fatal Attraction: Crit Chance +{0} (Bio)
헌팅 개시 : 행동력+{0}% (바이오)	Start Hunting: Action Speed +{0} (Bio)
고기동 메뉴버 : 받는 피해 {0}% 감소 (1회)	High-Speed Maneuvers: Reduce Damage by {0}% (1 time)
냉각 팩 : AP+{0} (공격 시)	Cooling Pack: AP +{0} (when attacking)
출력 제한 해제 : 공격력+{0}% (로봇)	Release Output Limit: Attack +{0}% (Robot)
출력 제한 해제 : 행동력+{0}% (로봇)	Release Output Limit: Action Speed +{0}% (Robot)
출력 제한 해제 : {0} 지속 고정 피해 (로봇)	Release Output Limit: Continuous Damage Taken {0} (Robot)
전투 기록 : 획득 경험치+{0}% (적 공격 시)	Combat Logs: Gain experience +{0}% (when attacked)
에너지 전환 : 공격력+{0}%	Energy Diverter: Attack +{0}%
에너지 전환 : 행동력+{0}%	Energy Diverter: Action Speed +{0}%
에너지 전환 : 방어막 해제	Energy Diverter: Disable Shield
기동형에 대응하기 위한 전투 OS 입니다.	A battle OS to respond to flying-types.
경장형에 대응하기 위한 전투 OS 입니다.	A battle OS to respond to light types.
중장형에 대응하기 위한 전투 OS 입니다.	A battle OS to respond to heavy types.
학습형 OS로 인해 전투 승리 시, 획득 경험치가 증가합니다.	A learning OS that increases experience gained in battle.
에너지 팩의 보조로, 매 라운드 AP가 증가합니다.	An energy pack aid that increases AP every round.
중장형 전용 특수 장갑입니다. 전투 개시 후, 일정 횟수 공격에 대한 받는 피해가 감소합니다.	Special armor for heavy types. After battle starts, damage received will be reduced for a fixed number of attacks.
기동형 전용 보조 부스터입니다. 라운드 개시 시, 일정 확률로 회피 감소 효과를 해제합니다.	Auxiliary booster for flying types. As a round starts, it has a fixed chance to remove evasion reductions.
매우 정밀한 조준기입니다. 라운드 개시 시, 일정 확률로 적중 감소 효과가 해제됩니다.	High-precision sights. As a round starts, it has a fixed chance to remove accuracy reductions.
치명타가 증가하며 방어 관통 효과를 얻습니다.	Increases crit chance and gain a defense penetration effect.
라운드 개시 시, 방어막 효과가 적용된 상태면 해당 효과를 해제하고 공격력과 행동력이 증가합니다.	As a round starts, if there is a shield effect present, it is removed, while increasing damage and action speed.
매 라운드마다 일정 수치의 방어막을 얻습니다.	You get a fixed amount of shielding every round.
소형 정찰 드론을 띄워 다음에 출현하는 적의 정보를 얻습니다.	Launch a small scouting drone to gather information about upcoming enemies.
<이벤트 안내>	<Event Guide>
<상점 관련 안내>	<Store Guide>
<오류 수정 알림>	<Patch Notes>
<영원한 전장 알림>	<Endless War Notes>
공격력+{0}%	Attack +{0}%
버프/디버프 효과 Lv+{0}	Buff / Debuff Effect Lv +{0}
획득 경험치+{0}%	Experience +{0}%
스킬 위력+{0}%	Skill Power +{0}%\
출격 비용-{0}%	Sortieing Cost -{0}%
적중\+\{0\} / 행동력\+\{1\} / 정찰 기능	Accuracy +{0} / Action Speed +{1} / Scouting capability